transaction_id,customer_id,merchant,amount,currency,transaction_date,card_type,device_id,ip_address,country,city,mcc_code,status
TXNW3SS6PD62Z6X,CUST17946358,Walmart,7339.63,USD,2025-10-06 16:05:47.139602,Amex,DEVD0ZS2YL4KA,48.194.205.37,Singapore,Singapore,5411,completed
TXNB8B2B93EJENZ,CUST09223852,Walmart,185.27,USD,2025-10-03 21:05:47.139602,Visa,DEVDAGNUI7MW6,43.245.24.183,USA,Miami,5311,completed
TXNER44LAZP5TFN,CUST16187875,Whole Foods,1798.24,USD,2025-10-02 21:05:47.139602,Visa,DEVU7U2XJEVKY,192.161.24.82,Japan,Tokyo,5812,completed
TXNWOC4MNSQ7WPQ,CUST23956351,Chevron,4064.39,USD,2025-10-05 13:05:47.139602,Amex,DEV6Z5TZ12SLS,214.37.203.7,USA,Houston,5999,completed
TXN4ZL2F789CVE0,CUST54024587,Shell,501.35,USD,2025-10-05 13:05:47.139602,Amex,DEV6VG7D475DU,81.187.253.220,Australia,Sydney,5411,completed
TXNRJ82ZGEH70K8,CUST27629579,Shell,323.34,USD,2025-10-04 02:05:47.139602,Discover,DEVD19BHTN7NK,47.92.190.173,USA,Miami,5411,completed
TXNP6SQ3ZBCG0FR,CUST27629579,Uber,810.6,USD,2025-10-05 03:05:47.139602,Amex,DEVFIRS47JR1F,14.153.138.158,Australia,Sydney,5399,completed
TXNRUEFZ06J02F9,CUST81761933,H&M,190.76,USD,2025-10-06 02:05:47.139602,Discover,DEV0QEF3742NT,36.31.131.198,Australia,Sydney,5399,completed
TXNSA60AM3SMPQR,CUST04662881,H&M,2158.75,USD,2025-10-05 18:05:47.139602,Mastercard,DEVW2C9RISPTG,106.175.180.226,USA,Chicago,5411,completed
TXN1JVP4E0CJIJI,CUST43161702,Trader Joe's,378.45,USD,2025-10-04 19:05:47.139602,Amex,DEVG1VS063R6G,164.32.122.204,France,Paris,5814,completed
TXNTQGR5PF0OZ3R,CUST30417225,Airbnb,695.56,USD,2025-10-06 07:05:47.139602,Visa,DEVT9KHOTZ8GH,204.117.142.178,UK,London,5411,completed
TXN6LNQXS5X5PQH,CUST67331188,Whole Foods,231.77,USD,2025-10-03 16:05:47.139602,Mastercard,DEV6GL3OSSHS3,111.163.105.235,USA,Houston,5912,completed
TXN380X1M3IBNDN,CUST31393342,Walmart,282.39,USD,2025-10-04 04:05:47.139602,Amex,DEVSPPGTSQYL5,20.228.108.217,Canada,Toronto,5912,completed
TXNKOI92H3GWL77,CUST95831505,Shell,2842.47,USD,2025-10-19 12:05:47.139602,Visa,DEVV0XNMEUPYJ,49.21.114.73,USA,Los Angeles,5331,completed
TXN0O0QT2TK2WX7,CUST09444004,Airbnb,58.82,USD,2025-10-13 16:05:47.139602,Discover,DEVRT0UN6MGEL,155.219.219.106,USA,San Francisco,5812,completed
TXNBXXBDOI4QNAF,CUST20927646,H&M,668.32,USD,2025-10-03 09:05:47.139602,Visa,DEVS3GUOCJ1ZC,232.203.108.19,Singapore,Singapore,5812,completed
TXNK4TC8832I07O,CUST19303843,Walmart,4505.13,USD,2025-10-04 01:05:47.139602,Discover,DEV3A4898RHIY,68.94.131.110,Canada,Toronto,5912,completed
TXNDW5IA6AJSKKK,CUST46495407,Zara,411.89,USD,2025-10-04 19:05:47.139602,Mastercard,DEVC9W96OPXTB,117.18.112.106,Australia,Sydney,5399,completed
TXN0R79CKMAFD17,CUST43161702,Starbucks,335.69,USD,2025-10-05 07:05:47.139602,Visa,DEVI0YTZRBGQ7,235.175.76.70,Singapore,Singapore,5331,completed
TXN42K3Z44PCBNF,CUST25897796,Walmart,4358.64,USD,2025-10-06 07:05:47.139602,Visa,DEV2JUPJXD3NH,125.237.103.176,USA,Houston,5411,completed
TXNNI7CWWIPDBM5,CUST13023076,Zara,721.5,USD,2025-10-05 16:05:47.139602,Amex,DEVBKLIDD3P10,110.46.90.191,USA,Chicago,5331,completed
TXNNAQYVUJ36I6Q,CUST69368369,Amazon,597.4,USD,2025-10-02 22:05:47.139602,Discover,DEVS89GE7I0LO,149.241.57.174,Japan,Tokyo,5912,completed
TXN6AGHBIU69LOK,CUST24341894,Airbnb,799.56,USD,2025-10-05 18:05:47.139602,Discover,DEVJWU1RVRSOH,233.39.138.39,USA,Los Angeles,5311,completed
TXNYK2TSHHAA8MU,CUST55443305,Chevron,460.98,USD,2025-10-03 23:05:47.139602,Discover,DEVCC88XBKF2I,163.147.157.201,Germany,Berlin,5311,completed
TXNXP7GQ2LPPZ47,CUST89893951,Zara,244.85,USD,2025-10-11 18:05:47.139602,Mastercard,DEVXVMUQ8V0PK,77.42.110.10,Singapore,Singapore,5999,completed
TXNLEWE9AMBDJUC,CUST64522299,Delta Airlines,955.92,USD,2025-10-07 04:05:47.139602,Visa,DEVFLCHONSU3H,224.25.27.187,Australia,Sydney,5399,completed
TXNUB9OLSP0WUVW,CUST20769629,United Airlines,164.42,USD,2025-10-03 05:05:47.139602,Amex,DEVI0IO1FUPW6,39.190.144.198,UK,London,5912,completed
TXNQZBH3MNTH3MS,CUST01474215,Whole Foods,2765.49,USD,2025-10-03 02:05:47.139602,Discover,DEV8Q9Z5LZA67,204.23.25.69,USA,New York,5814,completed
TXNKAMX83IJ32V5,CUST95170136,Trader Joe's,602.68,USD,2025-10-05 06:05:47.139602,Mastercard,DEVEXRK1G9I78,109.154.160.84,Canada,Toronto,5812,completed
TXNYC8UN0YGUGAX,CUST27629579,McDonald's,4121.82,USD,2025-10-05 19:05:47.139602,Mastercard,DEV2JHHAJJBZX,15.41.202.140,Australia,Sydney,5999,completed
TXNQ5FZIB69Z5NO,CUST55443305,Walmart,2894.13,USD,2025-10-03 14:05:47.139602,Mastercard,DEVCC88XBKF2I,180.242.217.149,Germany,Berlin,5331,completed
TXNM7OANM0VZOL6,CUST70198249,Home Depot,148.11,USD,2025-10-07 21:05:47.139602,Amex,DEV9X25HJX4D1,233.2.220.165,France,Paris,5399,completed
TXN1HDI3V5EAN2C,CUST04528070,Trader Joe's,4257.43,USD,2025-10-05 13:05:47.139602,Discover,DEV54HZDH7CZP,138.12.25.69,Canada,Toronto,5912,completed
TXNHE222KQ13T17,CUST32276177,Best Buy,2093.28,USD,2025-10-03 14:05:47.139602,Amex,DEVL0AMTI3CEE,205.188.142.59,Australia,Sydney,5999,completed
TXNKX4FXBIVQB6L,CUST47549445,Adidas,778.23,USD,2025-10-05 19:05:47.139602,Discover,DEVN5TZ86OD11,238.49.102.84,UK,London,5399,completed
TXNQKU1LPSVMOOB,CUST04607606,Trader Joe's,949.02,USD,2025-10-07 04:05:47.139602,Visa,DEVHUDF8YQ60K,104.241.223.235,USA,San Francisco,5331,completed
TXNBV6GRQSUJ6JR,CUST80390359,Nike,396.1,USD,2025-10-04 23:05:47.139602,Amex,DEV60OP6YEZBU,82.253.156.187,USA,Houston,5411,completed
TXNYWDKYQDXL8DZ,CUST58769954,Costco,3373.19,USD,2025-10-12 07:05:47.139602,Mastercard,DEV57EL0AT02U,78.119.113.198,France,Paris,5311,completed
TXN2XBMP0VPX11G,CUST35169723,Best Buy,10558.77,USD,2025-10-05 15:05:47.139602,Mastercard,DEVUTU266UVE2,233.218.245.245,Canada,Toronto,5814,completed
TXN2VHLVGVYPIIX,CUST71992258,Best Buy,658.48,USD,2025-10-06 13:05:47.139602,Mastercard,DEV506NJFR6LE,168.214.87.134,Australia,Sydney,5311,completed
TXNTU6O53OAHWBF,CUST14272031,Netflix,848.25,USD,2025-10-03 14:05:47.139602,Amex,DEVK317TY8OJH,98.67.45.156,Australia,Sydney,5814,completed
TXNI6EK7OFYPOHM,CUST86788438,Lyft,4815.03,USD,2025-10-04 17:05:47.139602,Visa,DEVEWZKAQSP6N,186.180.182.185,USA,New York,5912,completed
TXN6FLVEZKMZJAV,CUST30417225,Best Buy,4038.25,USD,2025-10-11 20:05:47.139602,Amex,DEVT9KHOTZ8GH,2.44.236.186,UK,London,5814,completed
TXNPU5JZSSGR2GG,CUST49956836,Nike,888.27,USD,2025-10-05 13:05:47.139602,Discover,DEVJZLJYQTEUG,32.42.37.24,UK,London,5311,completed
TXNS8C0WLP78J2Z,CUST24189516,McDonald's,4771.04,USD,2025-10-05 04:05:47.139602,Discover,DEV8VTGNK60E3,52.70.238.17,USA,New York,5812,completed
TXNMSIOSRIWQHN3,CUST95751826,Home Depot,156.67,USD,2025-10-03 01:05:47.139602,Discover,DEVNYU6X7HMGZ,140.46.238.55,China,Hong Kong,5331,completed
TXNV9IH08Q5CBAV,CUST81875918,Chevron,975.53,USD,2025-10-03 09:05:47.139602,Mastercard,DEVDNEU58QAC6,89.213.232.178,France,Paris,5399,completed
TXNBH7SYSRSD4FA,CUST67594634,Adidas,945.3,USD,2025-10-03 11:05:47.139602,Mastercard,DEVPAE38SZTQM,141.160.111.206,USA,New York,5912,completed
TXNXQRXU1Q39YL8,CUST09444004,Microsoft Store,18.09,USD,2025-10-03 04:05:47.139602,Amex,DEV9IQ5QINEMB,130.83.81.54,USA,San Francisco,5812,completed
TXNJH5YZAZLL3F8,CUST09928176,Microsoft Store,2038.77,USD,2025-10-03 18:05:47.139602,Visa,DEV56VFKOAHGY,233.4.5.230,Singapore,Singapore,5812,completed
TXNXWAZUG5LTPOU,CUST13023076,Delta Airlines,525.39,USD,2025-10-06 16:05:47.139602,Mastercard,DEVBKLIDD3P10,126.216.151.12,Japan,Tokyo,5399,completed
TXNH018VKMQOMER,CUST86871773,Expedia,13689.28,USD,2025-10-07 03:05:47.139602,Amex,DEVO6796M1188,148.153.190.212,Canada,Toronto,5814,completed
TXNN9Z26XLHUQ0U,CUST70198249,Zara,845.54,USD,2025-10-03 04:05:47.139602,Mastercard,DEV9X25HJX4D1,244.144.243.119,France,Paris,5411,completed
TXNZJ8I92BBDM1Z,CUST31393342,Amazon,2885.81,USD,2025-10-04 04:05:47.139602,Mastercard,DEV2WKEHOTVLZ,165.5.189.221,Canada,Toronto,5814,completed
TXNOTTYAQ2XOFJB,CUST70198249,Home Depot,14399.22,USD,2025-10-04 10:05:47.139602,Amex,DEV9X25HJX4D1,143.26.228.37,France,Paris,5999,completed
TXN12837U0SVDCM,CUST96113434,Delta Airlines,10708.07,USD,2025-10-04 18:05:47.139602,Mastercard,DEV7NEJ29JHY4,134.250.57.30,UAE,Dubai,5311,completed
TXNPGN2UD58LJ1L,CUST22028108,Shell,219.85,USD,2025-10-03 02:05:47.139602,Mastercard,DEV8E7XYZFO9Z,29.38.240.230,USA,Chicago,5399,completed
TXNAMVL8OGW30Y3,CUST33043567,United Airlines,228.16,USD,2025-10-07 18:05:47.139602,Mastercard,DEV47ALE3UWNZ,53.153.4.50,Germany,Berlin,5812,completed
TXN34HT8HGNLO84,CUST67717955,Uber,387.62,USD,2025-10-04 19:05:47.139602,Discover,DEVK60P3KCLX5,116.12.104.124,Germany,Berlin,5814,completed
TXNBT0UBNA9FM0Z,CUST95831505,Shell,219.36,USD,2025-10-05 03:05:47.139602,Visa,DEVV0XNMEUPYJ,152.220.198.161,USA,Los Angeles,5311,completed
TXNVS9KZ2OG2YY0,CUST42259870,Starbucks,743.0,USD,2025-10-03 18:05:47.139602,Amex,DEVB3XYJFQBT3,182.220.250.136,Canada,Toronto,5999,completed
TXN1QXNCIXB0TFH,CUST95751826,Home Depot,3321.37,USD,2025-10-03 08:05:47.139602,Discover,DEVNYU6X7HMGZ,130.93.210.181,China,Hong Kong,5912,completed
TXNRMDNFVLLCDU1,CUST43486512,Uber,13662.07,USD,2025-10-04 11:05:47.139602,Amex,DEV93JL2HRHMZ,46.93.116.236,USA,Houston,5812,completed
TXN26PJ57AWMNDP,CUST38558855,Microsoft Store,530.35,USD,2025-10-02 23:05:47.139602,Discover,DEVP31TE7622T,165.116.132.227,USA,Miami,5331,completed
TXN2KKVBC8H0YD9,CUST22681225,Best Buy,688.74,USD,2025-10-03 16:05:47.139602,Mastercard,DEVN59ATRVX3L,107.34.254.199,Canada,Toronto,5411,completed
TXN03RI8940Q4RN,CUST22700028,Netflix,929.33,USD,2025-10-04 18:05:47.139602,Visa,DEV61RV54SCHB,51.253.19.202,USA,Miami,5331,completed
TXNWHC0HOR2ANUT,CUST43486512,Expedia,1615.85,USD,2025-10-03 20:05:47.139602,Amex,DEV93JL2HRHMZ,251.195.18.142,UK,London,5812,completed
TXN1NAQMIPITY52,CUST23956351,Expedia,1249.54,USD,2025-10-06 12:05:47.139602,Visa,DEV6Z5TZ12SLS,86.70.230.117,USA,Houston,5399,completed
TXNP66M4AWO2AD0,CUST49956836,H&M,461.18,USD,2025-10-07 23:05:47.139602,Mastercard,DEVJZLJYQTEUG,173.236.153.35,UK,London,5812,completed
TXN5EVPAWAJ9AT1,CUST32276177,H&M,195.82,USD,2025-10-04 11:05:47.139602,Visa,DEVL0AMTI3CEE,239.233.37.53,Australia,Sydney,5311,completed
TXN9HVWJ3VSXW17,CUST26167281,Delta Airlines,498.9,USD,2025-10-04 15:05:47.139602,Visa,DEV50Z1CSUA83,88.188.117.68,UK,London,5912,completed
TXN67RRQP8J08WU,CUST22028108,Spotify,348.87,USD,2025-10-03 15:05:47.139602,Visa,DEV8E7XYZFO9Z,224.183.147.104,USA,Chicago,5411,completed
TXNUD4U1VP34175,CUST73433144,Walmart,436.73,USD,2025-10-05 05:05:47.139602,Amex,DEVOEPPATJHOS,44.104.65.111,UAE,Dubai,5411,completed
TXNXJUUYSO2SAMQ,CUST04662881,Uber,11185.63,USD,2025-10-10 08:05:47.139602,Mastercard,DEVY5HJ0FC6SX,162.10.202.60,USA,Chicago,5311,completed
TXNQZ97H3RUWFIH,CUST67331188,Chevron,238.15,USD,2025-10-06 10:05:47.139602,Mastercard,DEVR31WC1DMAE,86.210.28.48,USA,Houston,5999,completed
TXNNWLAF0175Y83,CUST81875918,Amazon,2437.86,USD,2025-10-06 10:05:47.139602,Visa,DEVMN741QOTFI,67.206.138.93,UAE,Dubai,5411,completed
TXNFULBAXPNOKNQ,CUST95831505,Costco,411.31,USD,2025-10-03 13:05:47.139602,Mastercard,DEVV0XNMEUPYJ,136.168.100.116,USA,Los Angeles,5812,completed
TXN7MZ0DVBL2CG5,CUST67331188,Whole Foods,3565.16,USD,2025-10-04 05:05:47.139602,Mastercard,DEV6GL3OSSHS3,83.63.253.141,USA,Houston,5814,completed
TXNW6VQ75K00067,CUST04607606,Expedia,177.62,USD,2025-10-06 06:05:47.139602,Mastercard,DEVHUDF8YQ60K,97.234.128.218,USA,San Francisco,5399,completed
TXN9B65D0CI4J1E,CUST54024587,Airbnb,483.41,USD,2025-10-03 06:05:47.139602,Mastercard,DEV6VG7D475DU,58.226.174.61,Australia,Sydney,5331,completed
TXNUW5I0NJMWVOI,CUST86932469,Trader Joe's,689.84,USD,2025-10-03 09:05:47.139602,Visa,DEVYXI27N6MWG,53.52.157.24,USA,Houston,5912,completed
TXNJ4FW3WIHZ1IB,CUST54024587,H&M,874.97,USD,2025-10-04 18:05:47.139602,Amex,DEV6VG7D475DU,206.123.123.121,Australia,Sydney,5999,completed
TXN1WD94RQ25657,CUST83839686,Delta Airlines,7107.37,USD,2025-10-07 06:05:47.139602,Visa,DEVN7VBZXVT4M,186.47.210.200,Canada,Toronto,5812,completed
TXNBL5CNDRUJH20,CUST20927646,Trader Joe's,4673.95,USD,2025-10-09 07:05:47.139602,Mastercard,DEVS3GUOCJ1ZC,63.117.44.77,Australia,Sydney,5399,completed
TXN1Q25BPXA3Y9P,CUST80390359,Best Buy,344.87,USD,2025-10-04 20:05:47.139602,Amex,DEVW8K496Q3C5,242.36.72.102,Australia,Sydney,5311,completed
TXNM85NBO65PSV3,CUST24189516,Uber,5544.55,USD,2025-10-03 01:05:47.139602,Mastercard,DEVU8VFYPPL29,231.75.110.182,France,Paris,5912,completed
TXNYCLX7SNA56YM,CUST00323072,Zara,10723.66,USD,2025-10-04 18:05:47.139602,Amex,DEV3PH0477FKM,225.164.25.51,USA,San Francisco,5399,completed
TXN93Q9QPH7ZPNF,CUST75054255,Delta Airlines,12582.04,USD,2025-10-04 10:05:47.139602,Mastercard,DEVYMELCO3NIH,20.83.101.93,Canada,Toronto,5814,completed
TXN4VGQTCJDEW7T,CUST11688325,Booking.com,785.41,USD,2025-10-06 08:05:47.139602,Visa,DEVSMP1QV0FZA,53.209.152.83,USA,San Francisco,5399,completed
TXNUHNDX5H712VX,CUST20884524,Chevron,2284.76,USD,2025-10-05 03:05:47.139602,Amex,DEVZLSQFLN3V2,89.196.146.234,USA,Miami,5812,completed
TXNEA91IF40P1DE,CUST84648227,Target,3134.18,USD,2025-10-03 06:05:47.139602,Mastercard,DEVCLJ8K48NEW,118.250.217.145,Australia,Sydney,5331,completed
TXN53VWIFKMXY1P,CUST78014829,Costco,4745.22,USD,2025-10-03 02:05:47.139602,Discover,DEV5PU3ZNF0ER,242.29.153.250,Germany,Berlin,5331,completed
TXN9IMUQ7DLB4E7,CUST37266470,Booking.com,2242.99,USD,2025-10-03 11:05:47.139602,Discover,DEV0AYBYGRBJ5,73.252.122.121,USA,Los Angeles,5311,completed
TXN7BHF75ZR8B7Y,CUST24189516,Netflix,226.0,USD,2025-10-03 05:05:47.139602,Discover,DEVU8VFYPPL29,169.243.132.75,France,Paris,5812,completed
TXN3FH86LWIVQAS,CUST67717955,Spotify,770.17,USD,2025-10-07 03:05:47.139602,Mastercard,DEVK60P3KCLX5,137.114.129.204,Germany,Berlin,5411,completed
TXN67OVC6SHKWIQ,CUST86932469,United Airlines,790.28,USD,2025-10-06 10:05:47.139602,Discover,DEV278E25Z7PI,135.57.92.167,USA,Houston,5399,completed
TXNMI8LGCO9DR3J,CUST19303843,Microsoft Store,743.42,USD,2025-10-03 16:05:47.139602,Discover,DEV3A4898RHIY,185.73.166.179,Canada,Toronto,5331,completed
TXNRVIVW0BT7R1W,CUST53413186,Lyft,718.31,USD,2025-10-03 07:05:47.139602,Discover,DEVNZSVD0R8QG,234.106.197.78,Singapore,Singapore,5311,completed
TXNO6BU3ULE0CEW,CUST09444004,Microsoft Store,724.15,USD,2025-10-06 01:05:47.139602,Visa,DEV9IQ5QINEMB,184.133.233.148,UK,London,5999,completed
TXN1NSBQSS5GDJG,CUST14272031,Amazon,600.78,USD,2025-10-06 04:05:47.139602,Amex,DEVK317TY8OJH,156.199.220.12,Australia,Sydney,5814,completed
TXN1WNGHZPEANV1,CUST86871773,Chevron,339.44,USD,2025-10-11 22:05:47.139602,Discover,DEVXU9FMQQPK6,7.61.124.41,Canada,Toronto,5331,completed
TXN5SW1KFHO66RO,CUST01569216,Costco,726.06,USD,2025-10-04 00:05:47.139602,Visa,DEV486ANFH6JR,26.192.233.34,France,Paris,5814,completed
TXNQRNI1ASHS7M7,CUST19303843,Netflix,4183.37,USD,2025-10-05 10:05:47.139602,Mastercard,DEV3A4898RHIY,141.155.138.147,Canada,Toronto,5812,completed
TXNXF8XYL7VGLCX,CUST17946358,Airbnb,578.28,USD,2025-10-04 15:05:47.139602,Visa,DEVD0ZS2YL4KA,129.39.200.105,Singapore,Singapore,5812,completed
TXN4ZT2HBJX3MX6,CUST78014829,United Airlines,2740.36,USD,2025-10-02 21:05:47.139602,Discover,DEV5PU3ZNF0ER,253.165.219.187,Germany,Berlin,5411,completed
TXN5H5Z1K2N3GJI,CUST35144850,Target,279.08,USD,2025-10-03 20:05:47.139602,Amex,DEVL3MFBYVFO4,214.230.87.132,USA,Houston,5812,completed
TXN2I21RESQF2PR,CUST96299961,Adidas,200.15,USD,2025-10-04 10:05:47.139602,Discover,DEVC5IBHKTABB,37.207.64.189,Germany,Berlin,5331,completed
TXN7JF6Y074H7IZ,CUST35564214,Target,571.35,USD,2025-10-04 20:05:47.139602,Visa,DEVPY1AD4UXBL,222.49.230.111,USA,San Francisco,5399,completed
TXNT0FFEX0I1M6G,CUST11688325,Best Buy,147.55,USD,2025-10-04 03:05:47.139602,Visa,DEVU359H7LVXZ,83.104.9.70,USA,San Francisco,5331,completed
TXNZHAVAB39E0ER,CUST22028108,Target,878.78,USD,2025-10-04 02:05:47.139602,Visa,DEV8E7XYZFO9Z,52.226.247.3,UAE,Dubai,5812,completed
TXNB1OXVDMU5FRT,CUST81761933,Airbnb,13784.59,USD,2025-10-03 16:05:47.139602,Mastercard,DEVSMOFQJNA37,106.195.87.54,Australia,Sydney,5912,completed
TXNA654W4NDYXIR,CUST64839059,Delta Airlines,338.57,USD,2025-10-03 21:05:47.139602,Mastercard,DEVPI1DUYF1DU,76.125.48.35,UK,London,5331,completed
TXNH741VE6HXRA7,CUST09928176,Lyft,468.47,USD,2025-10-03 05:05:47.139602,Mastercard,DEV0QUAPZB8EG,158.202.215.202,UK,London,5411,completed
TXNXBOZ671H572V,CUST09223852,Starbucks,2238.64,USD,2025-10-03 16:05:47.139602,Discover,DEVDAGNUI7MW6,55.52.184.88,USA,Miami,5399,completed
TXNN4JSGAEAAASH,CUST58769954,Shell,672.01,USD,2025-10-05 14:05:47.139602,Mastercard,DEVYIDX7KHPML,115.105.75.199,France,Paris,5411,completed
TXNX4JW9Z5PWNXA,CUST67331188,Starbucks,4618.97,USD,2025-10-04 04:05:47.139602,Mastercard,DEV6GL3OSSHS3,64.77.152.54,USA,Miami,5411,completed
TXNA93KWFA44QW2,CUST20769629,Chevron,5123.11,USD,2025-10-07 12:05:47.139602,Discover,DEVI0IO1FUPW6,37.247.213.91,UK,London,5411,completed
TXNX05WCQTCPKVY,CUST23956351,Target,700.18,USD,2025-10-09 04:05:47.139602,Amex,DEV6Z5TZ12SLS,252.78.172.90,USA,Houston,5331,completed
TXNQM4RLY09DL36,CUST20884524,Best Buy,4641.5,USD,2025-10-03 07:05:47.139602,Discover,DEVZLSQFLN3V2,108.19.225.255,USA,Miami,5912,completed
TXN5WI5AF35WIRY,CUST50640012,Amazon,147.68,USD,2025-10-03 09:05:47.139602,Visa,DEVLKY2Y6D1ZW,113.126.127.207,USA,Houston,5311,completed
TXNX05GTC2FJMD0,CUST81875918,Airbnb,16.63,USD,2025-10-04 01:05:47.139602,Mastercard,DEVDNEU58QAC6,67.154.67.12,Singapore,Singapore,5814,completed
TXNOUCOCLBHYHXW,CUST73433144,Target,917.16,USD,2025-10-12 12:05:47.139602,Mastercard,DEVOEPPATJHOS,245.125.75.225,UAE,Dubai,5999,completed
TXNI6Z8MP2ZHYVR,CUST35144850,Best Buy,5979.93,USD,2025-10-06 22:05:47.139602,Amex,DEVL3MFBYVFO4,134.127.64.195,USA,Houston,5399,completed
TXNFJIU11JD6ZJ5,CUST46495407,Netflix,725.61,USD,2025-10-08 08:05:47.139602,Visa,DEVC9W96OPXTB,130.94.60.218,Australia,Sydney,5912,completed
TXNPT0B1HEYC5PN,CUST37266470,Booking.com,678.45,USD,2025-10-07 03:05:47.139602,Discover,DEV0AYBYGRBJ5,10.253.74.144,USA,Los Angeles,5399,completed
TXNICKPNZIIYRUG,CUST69368369,McDonald's,593.53,USD,2025-10-11 22:05:47.139602,Amex,DEVVS7MQLZVQR,108.95.87.224,Japan,Tokyo,5912,completed
TXNOKZDDGIJ5O5H,CUST04528070,McDonald's,396.8,USD,2025-10-05 22:05:47.139602,Visa,DEV54HZDH7CZP,53.36.51.238,China,Hong Kong,5812,completed
TXN3FQ4SDQ29R7I,CUST47429316,Delta Airlines,345.64,USD,2025-10-07 17:05:47.139602,Visa,DEVVVZUMR9KXT,94.250.21.213,USA,Los Angeles,5912,completed
TXNH73DAON2ONQ3,CUST04607606,Walmart,10085.51,USD,2025-10-03 17:05:47.139602,Mastercard,DEVCUCUKWTJM5,89.156.106.112,USA,San Francisco,5812,completed
TXN2PS75K5Z2TXN,CUST04528070,Target,63.42,USD,2025-10-05 02:05:47.139602,Discover,DEV54HZDH7CZP,88.39.118.64,China,Hong Kong,5999,completed
TXN6PFSEC9ZYU4K,CUST73433144,Netflix,508.27,USD,2025-10-07 01:05:47.139602,Visa,DEVOEPPATJHOS,90.139.242.50,UAE,Dubai,5411,completed
TXN27984OVTVT4G,CUST43161702,Amazon,8103.32,USD,2025-10-06 15:05:47.139602,Mastercard,DEVG1VS063R6G,229.102.165.80,Singapore,Singapore,5411,completed
TXNQ44DKBLF35OK,CUST47429316,Whole Foods,93.6,USD,2025-10-03 21:05:47.139602,Visa,DEVVVZUMR9KXT,47.187.195.107,USA,Los Angeles,5399,completed
TXNFUQNYRI85M47,CUST22875172,Amazon,201.53,USD,2025-10-03 04:05:47.139602,Mastercard,DEVOEV69JC3K8,205.177.66.255,UAE,Dubai,5812,completed
TXN445Y7M83ICTE,CUST86338542,Airbnb,186.51,USD,2025-10-04 18:05:47.139602,Discover,DEV8001V1GQPY,39.220.102.67,Australia,Sydney,5331,completed
TXNIMPI5F4ASLB8,CUST46495407,Costco,795.14,USD,2025-10-05 17:05:47.139602,Visa,DEVW6X0NW333V,201.39.180.196,Australia,Sydney,5311,completed
TXN2V1X4KXHN41O,CUST22700028,Spotify,811.06,USD,2025-10-06 21:05:47.139602,Amex,DEV61RV54SCHB,12.22.229.140,USA,Miami,5331,completed
TXN52BFIW0PZPSP,CUST81000039,United Airlines,1419.13,USD,2025-10-03 14:05:47.139602,Amex,DEVKLLXSHXDGF,15.159.145.61,Japan,Tokyo,5399,completed
TXNRZIS4BEO66TR,CUST22521914,Airbnb,734.39,USD,2025-10-03 07:05:47.139602,Visa,DEVYU4PMT2KBM,59.133.88.109,China,Hong Kong,5411,completed
TXNDSS93TD8DZG2,CUST38558855,Apple Store,873.89,USD,2025-10-03 04:05:47.139602,Amex,DEVP31TE7622T,11.129.84.150,USA,Miami,5311,completed
TXNE384APWD7QHY,CUST00323072,Expedia,524.28,USD,2025-10-03 08:05:47.139602,Discover,DEV3PH0477FKM,245.42.26.214,USA,San Francisco,5331,completed
TXNMHPKFD6ED4E5,CUST23956351,United Airlines,981.23,USD,2025-10-03 01:05:47.139602,Amex,DEV6Z5TZ12SLS,213.46.44.214,USA,Chicago,5912,completed
TXNXB92N7JMAKHB,CUST16187875,Delta Airlines,4148.76,USD,2025-10-05 09:05:47.139602,Amex,DEVU7U2XJEVKY,253.219.195.97,UK,London,5912,completed
TXNFVIEWX7M0057,CUST04528070,Delta Airlines,14622.56,USD,2025-10-04 17:05:47.139602,Visa,DEV54HZDH7CZP,32.34.135.230,China,Hong Kong,5912,completed
TXNQVDKE15O02GG,CUST58004725,Adidas,4032.06,USD,2025-10-03 05:05:47.139602,Mastercard,DEVPDC95FXV7D,254.242.139.41,USA,San Francisco,5411,completed
TXNA1TW92ABJAFE,CUST66299345,Starbucks,3108.67,USD,2025-10-03 11:05:47.139602,Discover,DEVIKMGPC7XE0,35.252.169.4,France,Paris,5411,completed
TXNVCXJGASJNGY4,CUST55443305,Booking.com,676.17,USD,2025-10-03 15:05:47.139602,Amex,DEVCC88XBKF2I,7.1.3.26,Germany,Berlin,5311,completed
TXNER5JRWQKR759,CUST42259870,Starbucks,909.94,USD,2025-10-03 04:05:47.139602,Visa,DEV7CN1K5XKQ4,116.33.149.184,Canada,Toronto,5999,completed
TXNAWQ6Z8Y9VMMU,CUST16187875,Target,782.12,USD,2025-10-04 14:05:47.139602,Visa,DEVU7U2XJEVKY,219.23.104.147,UK,London,5399,completed
TXNFUMP1F5UXP22,CUST17946358,Whole Foods,520.44,USD,2025-10-05 12:05:47.139602,Amex,DEVU023Q1QEUA,99.63.236.7,Singapore,Singapore,5814,completed
TXN480ADM6Q9MJK,CUST24341894,Whole Foods,634.46,USD,2025-10-05 01:05:47.139602,Amex,DEVJWU1RVRSOH,30.9.39.108,USA,Los Angeles,5399,completed
TXNGX3PDWI88BRI,CUST25897796,Shell,481.09,USD,2025-10-08 10:05:47.139602,Visa,DEV2JUPJXD3NH,126.64.254.217,USA,Los Angeles,5814,completed
TXNNFEM6ZYFD5O0,CUST01474215,Whole Foods,824.03,USD,2025-10-04 10:05:47.139602,Discover,DEV8Q9Z5LZA67,103.212.131.187,Japan,Tokyo,5399,completed
TXNT72YZ2JHR0G4,CUST66299345,Adidas,921.36,USD,2025-10-03 21:05:47.139602,Amex,DEVIKMGPC7XE0,154.14.179.221,France,Paris,5411,completed
TXNA1HO55MBS5FT,CUST89792856,Zara,830.3,USD,2025-10-07 02:05:47.139602,Amex,DEV5Y2K20V7FG,72.88.2.34,UK,London,5999,completed
TXN1G5Q9W18A9W6,CUST30417225,United Airlines,737.76,USD,2025-10-06 12:05:47.139602,Amex,DEVT9KHOTZ8GH,198.197.4.181,USA,Miami,5331,completed
TXN0G40DY1PDOI7,CUST96299961,Apple Store,4985.3,USD,2025-10-02 22:05:47.139602,Amex,DEVC5IBHKTABB,215.17.16.244,Germany,Berlin,5399,completed
TXNI6WHRBL2CXGN,CUST58635394,United Airlines,12406.92,USD,2025-10-03 16:05:47.139602,Mastercard,DEV266BH6HZLV,188.241.54.175,USA,San Francisco,5411,completed
TXNWWFABP28GCBK,CUST95268388,Zara,2128.93,USD,2025-10-08 17:05:47.139602,Discover,DEV2P0X62BK3X,234.157.155.83,USA,Miami,5912,completed
TXNE08W4P4EX4D2,CUST86932469,H&M,10.13,USD,2025-10-03 20:05:47.139602,Amex,DEVMN5O8CFXH4,90.93.172.73,USA,Houston,5331,completed
TXNQV824KY83T8B,CUST31393342,Trader Joe's,2872.99,USD,2025-10-03 17:05:47.139602,Visa,DEVELHDLZUC7W,5.70.92.232,Canada,Toronto,5999,completed
TXNFQQJAMZHK89W,CUST23901855,Chevron,994.64,USD,2025-10-04 05:05:47.139602,Visa,DEV6FJCZMM66R,140.145.149.82,Singapore,Singapore,5331,completed
TXNY8K61S1W678J,CUST20884524,Shell,1866.73,USD,2025-10-03 09:05:47.139602,Amex,DEVZLSQFLN3V2,18.71.140.18,USA,Miami,5912,completed
TXNDW0I92AE97R9,CUST01322833,H&M,304.6,USD,2025-10-04 04:05:47.139602,Discover,DEV6RRCQSRB07,228.10.101.144,Canada,Toronto,5311,completed
TXNBMBHA8HQTPI8,CUST32540165,Microsoft Store,935.11,USD,2025-10-03 02:05:47.139602,Discover,DEVXAMBQRTZV8,83.2.24.9,USA,Houston,5331,completed
TXNMTLTHUSKCGAQ,CUST09223852,Lyft,12797.52,USD,2025-10-08 00:05:47.139602,Mastercard,DEV6J3X30FCI5,20.219.155.101,USA,Miami,5912,completed
TXN1TOF04FZSNEK,CUST71992258,Costco,712.24,USD,2025-10-03 15:05:47.139602,Visa,DEV506NJFR6LE,21.148.11.150,Australia,Sydney,5812,completed
TXN3HGGRZVE012A,CUST78014829,Booking.com,2933.2,USD,2025-10-04 02:05:47.139602,Mastercard,DEV5PU3ZNF0ER,113.238.35.62,Germany,Berlin,5311,completed
TXNCAJBJZB9BDZ6,CUST23901855,Target,314.13,USD,2025-10-05 14:05:47.139602,Visa,DEV6FJCZMM66R,125.159.70.186,Singapore,Singapore,5311,completed
TXNTTPK2CBKTBYB,CUST64435918,McDonald's,421.96,USD,2025-10-07 10:05:47.139602,Amex,DEVLI6YCR40J8,164.240.214.136,China,Hong Kong,5411,completed
TXNJLO5COPQYE5O,CUST86871773,Shell,2482.79,USD,2025-10-04 03:05:47.139602,Mastercard,DEVPD9Q633MOU,241.153.236.105,UAE,Dubai,5311,completed
TXNMQ236YQ3TCSZ,CUST50640012,H&M,961.43,USD,2025-10-05 02:05:47.139602,Mastercard,DEV6MFDRHWPWA,58.143.48.213,USA,New York,5812,completed
TXN4XNVFJLI1HRE,CUST17946358,Microsoft Store,2388.21,USD,2025-10-05 00:05:47.139602,Visa,DEVVEGHYTZD6M,145.112.164.161,Singapore,Singapore,5399,completed
TXN4J3HW82YFUV0,CUST86788438,Whole Foods,486.93,USD,2025-10-08 15:05:47.139602,Amex,DEVEWZKAQSP6N,55.170.146.18,USA,New York,5999,completed
TXNEM5XUD7D69FT,CUST01569216,United Airlines,3820.94,USD,2025-10-07 08:05:47.139602,Visa,DEV486ANFH6JR,113.235.233.130,France,Paris,5814,completed
TXN5KCT4LJMDZNC,CUST49956836,Chevron,3467.09,USD,2025-10-03 14:05:47.139602,Visa,DEVJZLJYQTEUG,127.28.102.69,UK,London,5311,completed
TXNB9223WB9AIML,CUST79518018,Starbucks,474.2,USD,2025-10-03 19:05:47.139602,Amex,DEVUFDW578S8O,229.162.58.50,France,Paris,5399,completed
TXNG8MSA105Y2F1,CUST43486512,Home Depot,3003.12,USD,2025-10-03 03:05:47.139602,Mastercard,DEVDIXAB0FYPV,126.143.142.115,UK,London,5999,completed
TXNCJYT9SD0LQ0N,CUST71992258,Expedia,208.1,USD,2025-10-07 07:05:47.139602,Discover,DEV7FQ3FF3XZF,151.119.25.197,Australia,Sydney,5999,completed
TXN2YA4XI7KMY7E,CUST66299345,Lyft,7404.31,USD,2025-10-03 12:05:47.139602,Discover,DEVIKMGPC7XE0,217.189.102.211,France,Paris,5812,completed
TXN1BYF53J484NJ,CUST80390359,McDonald's,849.65,USD,2025-10-03 00:05:47.139602,Visa,DEVW8K496Q3C5,153.187.115.54,Australia,Sydney,5311,completed
TXN9Y5ALGEIPKEF,CUST37266470,Target,258.99,USD,2025-10-04 04:05:47.139602,Amex,DEV0AYBYGRBJ5,151.109.154.172,USA,Los Angeles,5999,completed
TXNRDX1OX6OEFX8,CUST83839686,Nike,294.36,USD,2025-10-03 02:05:47.139602,Mastercard,DEVN7VBZXVT4M,246.88.103.229,Canada,Toronto,5912,completed
TXNVGOBFPFBYQOQ,CUST26167281,Apple Store,3306.76,USD,2025-10-04 11:05:47.139602,Mastercard,DEV50Z1CSUA83,228.146.220.48,UK,London,5399,completed
TXN88GBHJY0JNQB,CUST86871773,Amazon,474.95,USD,2025-10-07 22:05:47.139602,Amex,DEV3DBS9OYS3W,143.181.81.232,UAE,Dubai,5912,completed
TXN8NB09E20Z5RW,CUST54024587,Booking.com,780.46,USD,2025-10-02 22:05:47.139602,Discover,DEV6VG7D475DU,217.132.150.36,Australia,Sydney,5411,completed
TXNEH9R0L39PGAY,CUST55611850,Target,803.68,USD,2025-10-04 18:05:47.139602,Amex,DEV65905IHF2Z,205.123.18.224,Japan,Tokyo,5999,completed
TXNFBHBTMZQ9799,CUST66299345,Chevron,539.64,USD,2025-10-09 16:05:47.139602,Visa,DEVIKMGPC7XE0,36.205.132.63,France,Paris,5814,completed
TXNS3M2Z0LJ2T5L,CUST54024587,Spotify,2530.5,USD,2025-10-06 17:05:47.139602,Mastercard,DEV4CO3L2Q9A8,38.164.194.252,Australia,Sydney,5399,completed
TXN402LHC8ADBJG,CUST22875172,Delta Airlines,587.46,USD,2025-10-05 05:05:47.139602,Mastercard,DEVOEV69JC3K8,191.111.39.38,UAE,Dubai,5331,completed
TXNQG17H3QNWGKA,CUST54024587,McDonald's,629.91,USD,2025-10-06 15:05:47.139602,Visa,DEV6VG7D475DU,252.212.240.55,Australia,Sydney,5399,completed
TXNWU1Q6291044U,CUST49956836,Expedia,616.72,USD,2025-10-06 00:05:47.139602,Visa,DEVG6UURTJ8IE,205.220.30.158,UK,London,5814,completed
TXNOKD4LZMYBC9S,CUST65759822,Airbnb,837.35,USD,2025-10-04 08:05:47.139602,Amex,DEV74B4LX2LDR,96.51.230.69,USA,New York,5812,completed
TXN2JQCC36O9G29,CUST81000039,McDonald's,12990.25,USD,2025-10-03 09:05:47.139602,Visa,DEVM9MF4DJOMV,83.253.195.172,Japan,Tokyo,5331,completed
TXN4A2QJU6HF41L,CUST53413186,Delta Airlines,193.81,USD,2025-10-11 00:05:47.139602,Discover,DEVNZSVD0R8QG,200.49.29.217,Singapore,Singapore,5311,completed
TXNNLAKIKRUVJ7X,CUST20884524,Uber,890.55,USD,2025-10-03 11:05:47.139602,Mastercard,DEVXIF4KQRMHN,54.99.208.36,USA,Miami,5912,completed
TXN19I1HH07PZ55,CUST32540165,Adidas,225.34,USD,2025-10-12 04:05:47.139602,Discover,DEVXAMBQRTZV8,97.107.87.104,USA,Chicago,5999,completed
TXN9XTEEBCSN8K1,CUST79518018,Airbnb,6870.89,USD,2025-10-06 11:05:47.139602,Visa,DEVLEYTR73ZZ8,114.187.164.233,France,Paris,5999,completed
TXNSFMH04S2JWOP,CUST57801993,Airbnb,122.85,USD,2025-10-05 03:05:47.139602,Mastercard,DEVQEPRM2PPKR,47.198.192.183,Canada,Toronto,5411,completed
TXNSBVFQYYNXWH1,CUST95268388,Nike,927.11,USD,2025-10-03 02:05:47.139602,Discover,DEV2P0X62BK3X,156.225.150.183,USA,Miami,5814,completed
TXNHJX243NVL590,CUST26167281,Chevron,618.08,USD,2025-10-07 07:05:47.139602,Amex,DEV50Z1CSUA83,214.162.193.172,UK,London,5311,completed
TXNESU7SL4Q0332,CUST66299345,McDonald's,1769.84,USD,2025-10-05 04:05:47.139602,Amex,DEVIKMGPC7XE0,134.23.100.61,France,Paris,5399,completed
TXNGQBXWI4UMKES,CUST73433144,H&M,886.97,USD,2025-10-04 08:05:47.139602,Amex,DEVK99NN5UEN6,198.88.42.206,UAE,Dubai,5331,completed
TXN89AUZ8G3ZIIG,CUST55443305,Costco,411.93,USD,2025-10-06 11:05:47.139602,Mastercard,DEVCC88XBKF2I,150.204.171.82,Germany,Berlin,5912,completed
TXNJPZ9TPY11WBX,CUST89893951,Uber,12255.45,USD,2025-10-04 12:05:47.139602,Discover,DEVCBAWMGUP4S,101.64.181.208,Singapore,Singapore,5399,completed
TXN1SNWSNR2HQIR,CUST22700028,Netflix,43.88,USD,2025-10-03 10:05:47.139602,Amex,DEV61RV54SCHB,139.198.25.10,USA,Miami,5399,completed
TXN6VASGD0RX1HQ,CUST35169723,Airbnb,234.41,USD,2025-10-04 14:05:47.139602,Visa,DEVUTU266UVE2,23.97.134.2,Canada,Toronto,5311,completed
TXNT6WBREHAJDOO,CUST95268388,McDonald's,706.32,USD,2025-10-05 01:05:47.139602,Amex,DEV0I26E1DNIA,243.206.146.46,USA,Miami,5331,completed
TXNDQHXYD2XQ91R,CUST65776008,Apple Store,724.65,USD,2025-10-06 10:05:47.139602,Visa,DEVOX2D0A8D6C,100.106.70.5,UK,London,5999,completed
TXNADEA0QHTJ7AA,CUST83839686,Expedia,411.01,USD,2025-10-08 18:05:47.139602,Mastercard,DEV1LGZKQUGM2,215.148.231.177,Australia,Sydney,5311,completed
TXNF6YWSU1IEAIU,CUST35169723,Amazon,7629.14,USD,2025-10-03 18:05:47.139602,Discover,DEVUTU266UVE2,204.237.92.229,Canada,Toronto,5999,completed
TXNX04KISZ9TJYG,CUST46495407,Home Depot,11488.07,USD,2025-10-03 21:05:47.139602,Visa,DEVC9W96OPXTB,32.57.156.165,Australia,Sydney,5311,completed
TXNMYPENZWS5IF6,CUST99580391,Nike,368.87,USD,2025-10-03 15:05:47.139602,Discover,DEV08VJP1CCCE,34.227.85.159,USA,New York,5812,completed
TXNDYEI5MYUHOSR,CUST31393342,Expedia,732.52,USD,2025-10-03 05:05:47.139602,Amex,DEVRL6BHSJQCG,203.137.173.95,USA,San Francisco,5411,completed
TXNBJQGKYO2XAJ7,CUST37266470,Zara,3096.8,USD,2025-10-06 22:05:47.139602,Mastercard,DEV0AYBYGRBJ5,68.172.90.194,USA,San Francisco,5999,completed
TXNKNX03N36K393,CUST35564214,Apple Store,943.44,USD,2025-10-04 00:05:47.139602,Discover,DEVPY1AD4UXBL,201.170.126.110,Germany,Berlin,5814,completed
TXNWPADV1M7UTYV,CUST81000039,Shell,8806.85,USD,2025-10-04 04:05:47.139602,Mastercard,DEVM9MF4DJOMV,16.171.167.239,Japan,Tokyo,5331,completed
TXNFZPSBQG1PCEZ,CUST86338542,Chevron,585.8,USD,2025-10-03 11:05:47.139602,Amex,DEV8001V1GQPY,40.209.91.178,Australia,Sydney,5411,completed
TXN06WWIXG4FW14,CUST11820475,Airbnb,200.68,USD,2025-10-02 21:05:47.139602,Amex,DEVZLXEBKF51O,132.122.136.255,USA,Miami,5812,completed
TXN2KP6AXE642W3,CUST86932469,Spotify,896.05,USD,2025-10-05 14:05:47.139602,Mastercard,DEVELUFZ56IHP,108.219.15.85,USA,Houston,5812,completed
TXNHNLMZL1KJ9N1,CUST54024587,Microsoft Store,1683.85,USD,2025-10-05 02:05:47.139602,Mastercard,DEVTSHLUPA6EW,139.246.126.172,Australia,Sydney,5812,completed
TXNJZDNXJHNLNYG,CUST01322833,Expedia,771.57,USD,2025-10-03 17:05:47.139602,Discover,DEVIB1X5HP9X2,24.143.178.174,USA,Los Angeles,5411,completed
TXNMM1THDRPS32L,CUST11820475,Spotify,713.02,USD,2025-10-03 01:05:47.139602,Amex,DEVD6UBBW8YTH,210.103.105.172,USA,Miami,5411,completed
TXNM6D0JUWZQ8A9,CUST42259870,Airbnb,12371.03,USD,2025-10-05 09:05:47.139602,Discover,DEV7CN1K5XKQ4,34.210.240.64,USA,Los Angeles,5999,completed
TXN5TEF4R8UR00M,CUST74079155,Microsoft Store,10337.09,USD,2025-10-04 02:05:47.139602,Discover,DEV2MRV399OR7,115.175.51.218,France,Paris,5311,completed
TXNJSGICDAM5FBD,CUST84648227,Target,846.31,USD,2025-10-05 05:05:47.139602,Amex,DEVCLJ8K48NEW,169.99.234.48,USA,Houston,5311,completed
TXN6K955NPOWYNW,CUST69368369,Lyft,213.86,USD,2025-10-05 21:05:47.139602,Visa,DEVUD7NGLNEXS,222.98.141.148,Germany,Berlin,5999,completed
TXNFSIUB9VRMR1X,CUST73433144,Amazon,7029.76,USD,2025-10-03 08:05:47.139602,Visa,DEVOEPPATJHOS,99.2.206.242,UAE,Dubai,5814,completed
TXNICHT1SJZ25KQ,CUST89893951,Costco,239.25,USD,2025-10-08 14:05:47.139602,Discover,DEVXVMUQ8V0PK,244.123.246.98,Singapore,Singapore,5331,completed
TXNMFS7PWDGP9EC,CUST95268388,Apple Store,199.82,USD,2025-10-08 12:05:47.139602,Visa,DEV2P0X62BK3X,240.4.14.255,USA,Miami,5311,completed
TXNSHZ7MX6EDDM0,CUST58769954,Amazon,902.2,USD,2025-10-05 05:05:47.139602,Visa,DEV57EL0AT02U,77.55.46.227,France,Paris,5311,completed
TXN97X2JEBLD1AY,CUST22875172,Nike,295.34,USD,2025-10-08 12:05:47.139602,Visa,DEVOEV69JC3K8,135.168.84.71,UAE,Dubai,5999,completed
TXNDYXJA6HOEBLN,CUST84648227,Best Buy,427.63,USD,2025-10-03 01:05:47.139602,Discover,DEVCLJ8K48NEW,9.9.14.80,USA,Houston,5331,completed
TXNJ0AKXVZG3MVN,CUST25897796,Microsoft Store,7426.62,USD,2025-10-08 18:05:47.139602,Discover,DEVB843W2AFX8,19.9.37.172,USA,Los Angeles,5814,completed
TXNDTV1EKTO2W4O,CUST46495407,Target,4351.84,USD,2025-10-05 04:05:47.139602,Amex,DEV2QJHLDBDL1,216.245.29.193,Australia,Sydney,5999,completed
TXN3MIPNNLQ9SYT,CUST71992258,Adidas,4016.79,USD,2025-10-05 21:05:47.139602,Amex,DEV506NJFR6LE,100.222.62.249,Australia,Sydney,5411,completed
TXNVOTUPR2SYN1Z,CUST07692433,Trader Joe's,4209.1,USD,2025-10-06 13:05:47.139602,Discover,DEVXI8JSC1NMF,33.65.51.190,Japan,Tokyo,5399,completed
TXNS3CQAKV8AS9O,CUST71992258,Amazon,208.5,USD,2025-10-05 05:05:47.139602,Amex,DEV2Q8R7Z3II3,58.135.131.143,Australia,Sydney,5331,completed
TXNU84ST3V80VNF,CUST33043567,Target,4461.0,USD,2025-10-09 08:05:47.139602,Amex,DEV47ALE3UWNZ,85.151.224.70,Germany,Berlin,5812,completed
TXNIQ48Q6GKUDBX,CUST86932469,Netflix,868.06,USD,2025-10-04 20:05:47.139602,Mastercard,DEV278E25Z7PI,201.233.122.80,USA,Houston,5331,completed
TXNMSC6AOZP5NV9,CUST81875918,McDonald's,510.89,USD,2025-10-03 18:05:47.139602,Visa,DEVDNEU58QAC6,20.129.154.166,USA,San Francisco,5812,completed
TXNKG5H87WCGE8L,CUST96299961,McDonald's,769.77,USD,2025-10-06 12:05:47.139602,Visa,DEVC5IBHKTABB,189.215.161.6,Germany,Berlin,5331,completed
TXN8PGX6STLZQE9,CUST65759822,Target,909.81,USD,2025-10-03 04:05:47.139602,Amex,DEV74B4LX2LDR,78.207.231.83,USA,New York,5912,completed
TXND71UX5PFQ9DG,CUST20769629,Best Buy,2322.96,USD,2025-10-03 23:05:47.139602,Mastercard,DEVI0IO1FUPW6,199.199.121.24,UK,London,5411,completed
TXNWWY7458398AS,CUST22521914,Best Buy,10965.5,USD,2025-10-07 17:05:47.139602,Discover,DEVYU4PMT2KBM,100.175.254.92,China,Hong Kong,5311,completed
TXND39CCAUWN7NP,CUST58635394,Whole Foods,412.38,USD,2025-10-07 20:05:47.139602,Visa,DEV266BH6HZLV,249.132.124.159,USA,San Francisco,5999,completed
TXN9IUF05AXJ6VY,CUST81875918,Chevron,619.57,USD,2025-10-10 08:05:47.139602,Discover,DEVDNEU58QAC6,174.205.148.160,USA,San Francisco,5912,completed
TXN2AATF9TS2IKF,CUST22700028,Amazon,183.67,USD,2025-10-04 17:05:47.139602,Mastercard,DEVS4OAHJPHLT,36.214.3.141,France,Paris,5411,completed
TXNELCFN1LK8GF5,CUST20884524,Adidas,259.77,USD,2025-10-06 18:05:47.139602,Amex,DEVZLSQFLN3V2,187.46.23.67,USA,Miami,5814,completed
TXN1NZWBE25FXRR,CUST19026702,Lyft,813.46,USD,2025-10-03 00:05:47.139602,Amex,DEV8F8WZ85VIO,165.231.208.119,USA,Miami,5812,completed
TXN9UDYMTK8BRAQ,CUST86788438,Shell,514.76,USD,2025-10-03 08:05:47.139602,Visa,DEVEWZKAQSP6N,92.245.22.171,USA,New York,5411,completed
TXNVSOMDM6PC7IC,CUST13023076,Lyft,4249.69,USD,2025-10-06 08:05:47.139602,Visa,DEVBKLIDD3P10,87.193.127.123,Japan,Tokyo,5912,completed
TXNL6IIWLEGT16I,CUST65759822,Starbucks,3253.81,USD,2025-10-06 09:05:47.139602,Amex,DEVWEUJ8S5CDK,175.186.250.44,UAE,Dubai,5411,completed
TXNYW39I2BIPMW1,CUST01569216,Apple Store,4584.19,USD,2025-10-04 01:05:47.139602,Visa,DEV486ANFH6JR,69.81.194.64,France,Paris,5411,completed
TXNCMVCAZOSMJ85,CUST24341894,Starbucks,2245.64,USD,2025-10-05 04:05:47.139602,Amex,DEVJWU1RVRSOH,178.75.213.20,USA,Los Angeles,5311,completed
TXNEVCNYPW0HAJH,CUST89893951,Zara,126.81,USD,2025-10-04 07:05:47.139602,Mastercard,DEVXVMUQ8V0PK,26.254.208.192,Singapore,Singapore,5912,completed
TXNLDLEFM7WIYN8,CUST70198249,Airbnb,3186.95,USD,2025-10-03 00:05:47.139602,Amex,DEV9X25HJX4D1,76.12.11.216,France,Paris,5814,completed
TXN1Y9RLM0QKC87,CUST81761933,Microsoft Store,18.17,USD,2025-10-03 01:05:47.139602,Amex,DEV0QEF3742NT,63.152.127.142,Australia,Sydney,5331,completed
TXN55BPQA7THIA7,CUST69368369,United Airlines,94.08,USD,2025-10-03 16:05:47.139602,Mastercard,DEVS89GE7I0LO,18.176.15.101,Germany,Berlin,5812,completed
TXNH9Q0ZDD0CUTK,CUST43486512,Expedia,14607.27,USD,2025-10-15 10:05:47.139602,Amex,DEV93JL2HRHMZ,120.57.94.114,France,Paris,5331,completed
TXNJ91XV70SD4NY,CUST81000039,Netflix,342.31,USD,2025-10-04 10:05:47.139602,Discover,DEVM9MF4DJOMV,52.195.171.75,Japan,Tokyo,5999,completed
TXNX3TMVDBKF0D0,CUST79518018,Delta Airlines,443.18,USD,2025-10-05 09:05:47.139602,Amex,DEVLEYTR73ZZ8,80.223.174.73,France,Paris,5814,completed
TXNITBQB2VJE7QW,CUST30417225,Amazon,675.45,USD,2025-10-03 23:05:47.139602,Discover,DEVT9KHOTZ8GH,200.101.91.120,USA,Miami,5331,completed
TXN0CNYQXAT0UH3,CUST27629579,United Airlines,90.5,USD,2025-10-07 05:05:47.139602,Discover,DEVPDBSCSSOZS,226.90.187.51,USA,Chicago,5411,completed
TXNHJHGGR6K7AL6,CUST00323072,Shell,955.13,USD,2025-10-04 08:05:47.139602,Visa,DEV3PH0477FKM,98.95.86.184,USA,San Francisco,5912,completed
TXNFQ8JRB7RDCXQ,CUST96299961,Booking.com,3883.42,USD,2025-10-09 18:05:47.139602,Discover,DEVC5IBHKTABB,247.66.167.107,Germany,Berlin,5311,completed
TXNI6F1XXZSA4AH,CUST42259870,Costco,985.32,USD,2025-10-03 14:05:47.139602,Mastercard,DEV7CN1K5XKQ4,181.186.194.86,USA,New York,5814,completed
TXN51E8KE38YB8W,CUST47549445,Walmart,72.51,USD,2025-10-03 11:05:47.139602,Discover,DEVY5AG915ECA,250.236.171.22,Singapore,Singapore,5331,completed
TXNZFVN8CSTXDJO,CUST96113434,Chevron,1597.69,USD,2025-10-04 06:05:47.139602,Amex,DEV7NEJ29JHY4,208.125.12.40,USA,Houston,5999,completed
TXNB2JUW83HW7EK,CUST57801993,Zara,12282.22,USD,2025-10-03 14:05:47.139602,Discover,DEVQEPRM2PPKR,86.158.13.96,Canada,Toronto,5999,completed
TXNONLJCHE9XHVS,CUST81875918,Shell,923.0,USD,2025-10-03 10:05:47.139602,Mastercard,DEVDNEU58QAC6,144.16.154.221,USA,San Francisco,5331,completed
TXN70DHB63YNCT5,CUST64839059,Trader Joe's,477.52,USD,2025-10-03 18:05:47.139602,Visa,DEVPI1DUYF1DU,38.62.100.125,UK,London,5999,completed
TXNGWIM0CD05HRY,CUST22681225,Walmart,2861.81,USD,2025-10-05 08:05:47.139602,Visa,DEVN59ATRVX3L,127.79.67.185,Canada,Toronto,5912,completed
TXNW2XP46ZNPAUY,CUST86871773,Starbucks,805.5,USD,2025-10-07 07:05:47.139602,Amex,DEVXU9FMQQPK6,103.111.242.55,UAE,Dubai,5812,completed
TXN2MCRLIVC7WY1,CUST37469685,Delta Airlines,225.13,USD,2025-10-03 02:05:47.139602,Visa,DEVSU4C73SI01,35.196.29.163,Germany,Berlin,5399,completed
TXNKQISM7N9DMWT,CUST66299345,Uber,653.65,USD,2025-10-04 15:05:47.139602,Visa,DEVIKMGPC7XE0,98.204.189.140,France,Paris,5812,completed
TXNU8LW4RBS0FA0,CUST09928176,Booking.com,521.77,USD,2025-10-05 21:05:47.139602,Discover,DEVIV99RZDMWJ,18.15.156.57,UK,London,5411,completed
TXNFTYAWZTN9CHV,CUST64839059,Delta Airlines,956.34,USD,2025-10-09 14:05:47.139602,Visa,DEVPI1DUYF1DU,217.148.117.117,UK,London,5999,completed
TXNS5WK8DCPX2N9,CUST42259870,Walmart,3679.66,USD,2025-10-03 11:05:47.139602,Mastercard,DEV7CN1K5XKQ4,71.66.112.211,USA,New York,5331,completed
TXNFZZ8EFLNDXG9,CUST31200246,Zara,462.05,USD,2025-10-04 00:05:47.139602,Mastercard,DEV6SO3SIR0KJ,92.84.100.146,Australia,Sydney,5311,completed
TXN8R7NCPVHJ0I7,CUST14272031,Trader Joe's,3642.03,USD,2025-10-05 17:05:47.139602,Visa,DEVK317TY8OJH,153.134.72.132,Australia,Sydney,5411,completed
TXN8HRPBMUM8RIA,CUST16187875,Booking.com,332.58,USD,2025-10-08 08:05:47.139602,Mastercard,DEVU7U2XJEVKY,160.105.61.56,UK,London,5999,completed
TXNQ1AMLJSVWFKK,CUST43161702,Walmart,10729.35,USD,2025-10-03 09:05:47.139602,Visa,DEVG1VS063R6G,219.113.251.96,Singapore,Singapore,5814,completed
TXNAAN81QUX7O8E,CUST04528070,Spotify,221.12,USD,2025-10-08 12:05:47.139602,Mastercard,DEV54HZDH7CZP,32.179.152.111,USA,Miami,5411,completed
TXNRE2S3C04ZC4K,CUST69368369,Starbucks,159.71,USD,2025-10-07 21:05:47.139602,Amex,DEVS89GE7I0LO,137.235.196.99,Germany,Berlin,5399,completed
TXNC37K7JKYLTX6,CUST04607606,Zara,94.29,USD,2025-10-03 16:05:47.139602,Amex,DEVHUDF8YQ60K,195.33.139.156,USA,San Francisco,5399,completed
TXNSUL8FAD6458K,CUST70198249,Expedia,99.21,USD,2025-10-02 22:05:47.139602,Mastercard,DEV9X25HJX4D1,127.2.221.23,France,Paris,5311,completed
TXN15B69U24UDBA,CUST22521914,H&M,475.03,USD,2025-10-06 23:05:47.139602,Discover,DEVYU4PMT2KBM,141.123.53.74,China,Hong Kong,5411,completed
TXNGJ1I615TAV20,CUST01474215,Home Depot,34.31,USD,2025-10-03 20:05:47.139602,Discover,DEV8Q9Z5LZA67,217.114.99.177,Japan,Tokyo,5912,completed
TXNNCMOF4786SWI,CUST73433144,Uber,3401.69,USD,2025-10-03 01:05:47.139602,Visa,DEV70LGE9QVC3,14.19.25.178,UAE,Dubai,5311,completed
TXNUEE1CKHVNYNX,CUST35564214,Best Buy,757.7,USD,2025-10-02 23:05:47.139602,Visa,DEVMXNQ9UEZ9D,198.62.127.160,Germany,Berlin,5814,completed
TXN54XFV7OBLZKJ,CUST04607606,Best Buy,6472.04,USD,2025-10-06 19:05:47.139602,Discover,DEVHUDF8YQ60K,167.184.215.60,USA,San Francisco,5331,completed
TXNRNFIO4JCJ7E2,CUST04607606,Uber,3107.14,USD,2025-10-03 02:05:47.139602,Amex,DEVHUDF8YQ60K,25.158.133.135,USA,Houston,5812,completed
TXNDR7L0CG41PBC,CUST49956836,H&M,2035.08,USD,2025-10-03 23:05:47.139602,Discover,DEVJZLJYQTEUG,184.187.64.132,UK,London,5912,completed
TXNO4XRTHNZVL8B,CUST25897796,Uber,20.39,USD,2025-10-04 02:05:47.139602,Amex,DEV2JUPJXD3NH,244.108.187.172,USA,Los Angeles,5311,completed
TXNJYZVTC2O5QXP,CUST67717955,H&M,48.79,USD,2025-10-12 19:05:47.139602,Discover,DEVK60P3KCLX5,241.93.198.174,Germany,Berlin,5999,completed
TXNX3KIOR7LRX0B,CUST35564214,Booking.com,2902.2,USD,2025-10-03 04:05:47.139602,Visa,DEVGD82ZJC6OF,224.52.213.14,Australia,Sydney,5399,completed
TXN4Q8YV41WKS7X,CUST35564214,Shell,890.88,USD,2025-10-07 12:05:47.139602,Amex,DEVPY1AD4UXBL,119.141.97.133,Canada,Toronto,5311,completed
TXNY3WPQVCALLE0,CUST32540165,Whole Foods,814.79,USD,2025-10-04 00:05:47.139602,Discover,DEVXAMBQRTZV8,127.22.4.41,USA,Chicago,5411,completed
TXNWHTQRTJC0ZDX,CUST32540165,Microsoft Store,42.86,USD,2025-10-05 21:05:47.139602,Amex,DEVQ0IGF1XOY7,124.163.219.251,USA,Chicago,5411,completed
TXND5QWEI2URY9V,CUST22028108,Chevron,146.99,USD,2025-10-04 18:05:47.139602,Visa,DEV8E7XYZFO9Z,180.169.95.100,Germany,Berlin,5399,completed
TXNKTE8ELV3BKPU,CUST65759822,Best Buy,613.15,USD,2025-10-03 08:05:47.139602,Visa,DEV74B4LX2LDR,97.228.40.236,UAE,Dubai,5411,completed
TXNYHB6RPA05LH8,CUST16187875,Home Depot,677.5,USD,2025-10-07 20:05:47.139602,Discover,DEVU7U2XJEVKY,43.35.205.247,UK,London,5411,completed
TXNUJO4MKYUC078,CUST86932469,Starbucks,2116.38,USD,2025-10-05 10:05:47.139602,Mastercard,DEV278E25Z7PI,39.162.166.238,USA,Houston,5411,completed
TXNMO2YV7EDZ5I4,CUST75054255,Apple Store,47.89,USD,2025-10-09 23:05:47.139602,Visa,DEVYMELCO3NIH,71.191.206.192,China,Hong Kong,5411,completed
TXNBI5PQNHQV74G,CUST65776008,Zara,478.79,USD,2025-10-04 06:05:47.139602,Visa,DEVOX2D0A8D6C,123.48.165.234,UK,London,5912,completed
TXN9J05S5ACA9Q0,CUST25897796,United Airlines,12488.44,USD,2025-10-04 23:05:47.139602,Mastercard,DEV2JUPJXD3NH,130.36.236.235,USA,Los Angeles,5999,completed
TXN45AMS1FWOZI5,CUST58769954,Home Depot,474.18,USD,2025-10-04 11:05:47.139602,Visa,DEV57EL0AT02U,118.149.200.176,France,Paris,5411,completed
TXNI6DF3MXPIF2X,CUST32276177,United Airlines,13276.61,USD,2025-10-04 14:05:47.139602,Discover,DEVL0AMTI3CEE,236.38.244.21,Australia,Sydney,5912,completed
TXN13NHZA2CQI4J,CUST17946358,Amazon,102.53,USD,2025-10-03 16:05:47.139602,Mastercard,DEVD0ZS2YL4KA,51.144.234.197,Singapore,Singapore,5331,completed
TXN4VZ276Q3YB6A,CUST20927646,Microsoft Store,14987.23,USD,2025-10-03 06:05:47.139602,Amex,DEVS3GUOCJ1ZC,50.222.174.31,Singapore,Singapore,5311,completed
TXN1G3R57GFZAU0,CUST64522299,Airbnb,283.7,USD,2025-10-06 07:05:47.139602,Amex,DEVFLCHONSU3H,228.244.230.19,USA,Chicago,5399,completed
TXNU2HSQ5CFBSM8,CUST09928176,Amazon,1530.29,USD,2025-10-04 08:05:47.139602,Amex,DEVIV99RZDMWJ,52.182.184.198,UK,London,5399,completed
TXNG0PT7CRQQN75,CUST67331188,Trader Joe's,6580.24,USD,2025-10-02 21:05:47.139602,Mastercard,DEV6GL3OSSHS3,17.51.66.152,Singapore,Singapore,5812,completed
TXN9OGZT2SAJGHG,CUST09223852,Microsoft Store,9967.98,USD,2025-10-04 14:05:47.139602,Amex,DEVDAGNUI7MW6,10.85.200.64,Singapore,Singapore,5999,completed
TXN23HSLCDY0783,CUST50640012,Booking.com,512.33,USD,2025-10-05 19:05:47.139602,Amex,DEVLKY2Y6D1ZW,243.14.25.166,USA,New York,5812,completed
TXN4UW3625TEJHP,CUST24189516,Whole Foods,2288.92,USD,2025-10-10 16:05:47.139602,Amex,DEVU8VFYPPL29,210.245.185.92,France,Paris,5912,completed
TXN9ZSXMNRCJN4O,CUST43486512,Best Buy,328.63,USD,2025-10-03 01:05:47.139602,Discover,DEVISQVPGYU3S,248.7.153.114,USA,Chicago,5399,completed
TXNUP4Z74LDF4TY,CUST04662881,Home Depot,49.36,USD,2025-10-03 08:05:47.139602,Discover,DEV4JTR4ALB3X,153.174.235.127,USA,Chicago,5912,completed
TXNFP2BW995GJHI,CUST95170136,Zara,49.57,USD,2025-10-04 02:05:47.139602,Amex,DEVEXRK1G9I78,5.189.169.67,Canada,Toronto,5812,completed
TXNCA9MEY4N4CL4,CUST35564214,Airbnb,12661.8,USD,2025-10-04 10:05:47.139602,Amex,DEVPY1AD4UXBL,220.177.136.144,Canada,Toronto,5812,completed
TXNXG4TMLOCGKEQ,CUST14272031,Trader Joe's,4868.57,USD,2025-10-10 17:05:47.139602,Discover,DEVK317TY8OJH,95.6.9.152,Germany,Berlin,5399,completed
TXNM48YVQ0RSCJ8,CUST09928176,Walmart,916.97,USD,2025-10-03 05:05:47.139602,Discover,DEVIV99RZDMWJ,126.146.179.156,UK,London,5812,completed
TXNFYENRV13SU1J,CUST74079155,Nike,878.63,USD,2025-10-03 14:05:47.139602,Visa,DEVZDPYZUFH15,71.162.156.150,China,Hong Kong,5331,completed
TXN247F7P4HA16W,CUST19007375,Booking.com,158.25,USD,2025-10-05 11:05:47.139602,Visa,DEVAHJHPPKZAC,82.75.63.72,Australia,Sydney,5311,completed
TXNVQMYBTIGTF7J,CUST33043567,Walmart,340.32,USD,2025-10-03 04:05:47.139602,Amex,DEV47ALE3UWNZ,176.207.231.110,Germany,Berlin,5912,completed
TXNFRUN5JWQ10WF,CUST99580391,Uber,116.14,USD,2025-10-05 16:05:47.139602,Amex,DEVAZNAY6A72D,253.241.167.188,USA,New York,5999,completed
TXND8RDDPMN3A7C,CUST11820475,Zara,589.77,USD,2025-10-08 13:05:47.139602,Visa,DEVZR1N6SV9S6,194.39.180.70,USA,Chicago,5411,completed
TXNWOFMSJZF5OQS,CUST75054255,Shell,976.39,USD,2025-10-07 08:05:47.139602,Discover,DEVYMELCO3NIH,57.22.138.170,China,Hong Kong,5814,completed
TXNX84DNKS7WRX1,CUST11688325,Delta Airlines,425.71,USD,2025-10-04 09:05:47.139602,Visa,DEVU359H7LVXZ,39.78.156.36,USA,San Francisco,5411,completed
TXNCZZLDY9CK8P1,CUST07692433,Home Depot,694.54,USD,2025-10-04 20:05:47.139602,Mastercard,DEVXI8JSC1NMF,132.96.58.222,Japan,Tokyo,5331,completed
TXNCI0IHSF6D9CR,CUST96113434,United Airlines,876.79,USD,2025-10-05 10:05:47.139602,Discover,DEV7NEJ29JHY4,147.240.131.187,Australia,Sydney,5814,completed
TXNNMDG613KOADL,CUST49956836,Chevron,195.53,USD,2025-10-05 17:05:47.139602,Amex,DEVJZLJYQTEUG,34.56.194.198,UK,London,5814,completed
TXNWYE7HGB16C5X,CUST35564214,Uber,371.45,USD,2025-10-05 21:05:47.139602,Visa,DEVPY1AD4UXBL,60.163.245.197,UK,London,5311,completed
TXNE4NQ6Z6PZYU3,CUST31200246,Spotify,405.35,USD,2025-10-06 22:05:47.139602,Amex,DEV6SO3SIR0KJ,89.125.179.39,Australia,Sydney,5814,completed
TXN44BZE7LHPXAR,CUST22700028,Apple Store,794.43,USD,2025-10-04 05:05:47.139602,Visa,DEV61RV54SCHB,107.193.203.192,UAE,Dubai,5311,completed
TXNGNJDASSOJ5RZ,CUST64635690,Airbnb,976.31,USD,2025-10-06 12:05:47.139602,Amex,DEV1RCR3X4BJL,209.173.181.115,Singapore,Singapore,5812,completed
TXN3GLDFWM27HKF,CUST80390359,Nike,523.02,USD,2025-10-05 15:05:47.139602,Amex,DEVW8K496Q3C5,201.231.159.4,Australia,Sydney,5399,completed
TXNHTSIMR3EKTPU,CUST09223852,Home Depot,475.55,USD,2025-10-03 05:05:47.139602,Mastercard,DEVDAGNUI7MW6,185.188.25.133,Singapore,Singapore,5311,completed
TXNL5GD7KOJZR8O,CUST55611850,Costco,1570.74,USD,2025-10-05 07:05:47.139602,Mastercard,DEV65905IHF2Z,33.206.208.18,Japan,Tokyo,5812,completed
TXNZ3HQC98S3ZIF,CUST19007375,Delta Airlines,128.64,USD,2025-10-07 05:05:47.139602,Mastercard,DEVAHJHPPKZAC,142.14.232.146,Australia,Sydney,5411,completed
TXNWVXIQ77ER2PJ,CUST83839686,Starbucks,53.77,USD,2025-10-08 02:05:47.139602,Mastercard,DEVN7VBZXVT4M,63.7.219.180,Australia,Sydney,5999,completed
TXNR2VBFG1LUKLY,CUST42259870,Spotify,846.5,USD,2025-10-05 13:05:47.139602,Discover,DEV7CN1K5XKQ4,244.69.64.43,USA,New York,5399,completed
TXNUK0CIA2HI5G9,CUST95751826,Whole Foods,69.75,USD,2025-10-03 07:05:47.139602,Mastercard,DEVNYU6X7HMGZ,51.34.63.209,Canada,Toronto,5399,completed
TXN8UPO468D4299,CUST70198249,Target,849.85,USD,2025-10-03 14:05:47.139602,Mastercard,DEV9X25HJX4D1,162.215.55.226,France,Paris,5912,completed
TXNQGC11FM1IG2U,CUST09444004,Trader Joe's,5326.41,USD,2025-10-05 06:05:47.139602,Visa,DEV9IQ5QINEMB,91.40.107.171,UK,London,5812,completed
TXNKPEOZ6V4F6FO,CUST30417225,Starbucks,181.7,USD,2025-10-11 07:05:47.139602,Amex,DEVT9KHOTZ8GH,187.13.63.207,USA,Miami,5399,completed
TXNN8GTA3HMPQAS,CUST33043567,Chevron,464.99,USD,2025-10-03 01:05:47.139602,Discover,DEV47ALE3UWNZ,54.54.20.7,Germany,Berlin,5814,completed
TXN0XYXRYARRUJN,CUST37469685,Costco,668.79,USD,2025-10-04 16:05:47.139602,Mastercard,DEVURQIS1548D,158.205.73.130,Australia,Sydney,5399,completed
TXNKCGXF8443W95,CUST78014829,Nike,689.82,USD,2025-10-04 04:05:47.139602,Visa,DEV5PU3ZNF0ER,113.107.204.88,Germany,Berlin,5912,completed
TXNZJ5XA7AK2AAN,CUST01569216,Whole Foods,619.44,USD,2025-10-05 04:05:47.139602,Amex,DEV486ANFH6JR,85.211.50.163,Australia,Sydney,5311,completed
TXN0S9OP4LK2QDC,CUST83839686,Target,895.44,USD,2025-10-05 16:05:47.139602,Mastercard,DEV14UNKABHPI,253.211.241.181,Japan,Tokyo,5311,completed
TXNZ1VA89VJ0MH6,CUST66299345,Booking.com,1556.88,USD,2025-10-09 12:05:47.139602,Mastercard,DEVIKMGPC7XE0,237.240.23.189,France,Paris,5311,completed
TXNMCRZNM3PCHZQ,CUST22681225,McDonald's,1742.41,USD,2025-10-07 08:05:47.139602,Discover,DEVN59ATRVX3L,40.7.89.116,Canada,Toronto,5411,completed
TXNMQ3G6MVP2OHY,CUST79518018,United Airlines,845.65,USD,2025-10-04 20:05:47.139602,Visa,DEVLEYTR73ZZ8,126.66.244.225,France,Paris,5399,completed
TXN8MWEIHDC9SDK,CUST58635394,McDonald's,4779.16,USD,2025-10-05 19:05:47.139602,Discover,DEVOE6ZAWVH59,223.155.252.120,USA,San Francisco,5814,completed
TXN49DVZBEUJ2ZW,CUST86338542,Walmart,135.53,USD,2025-10-04 05:05:47.139602,Visa,DEV8001V1GQPY,119.52.43.104,USA,Miami,5411,completed
TXNUML5ONMIWIED,CUST16187875,Uber,7102.32,USD,2025-10-03 05:05:47.139602,Visa,DEVANPCHL2X2P,190.24.210.118,UK,London,5999,completed
TXNIPAP6O9N5FPX,CUST20927646,Spotify,57.39,USD,2025-10-05 01:05:47.139602,Visa,DEVS3GUOCJ1ZC,59.129.158.208,Singapore,Singapore,5411,completed
TXNAKN0HOQMGOEO,CUST22028108,United Airlines,12943.32,USD,2025-10-03 16:05:47.139602,Mastercard,DEVI49D6AVRHW,6.150.21.243,Singapore,Singapore,5411,completed
TXN0GC0ELLH84D0,CUST37266470,Starbucks,286.26,USD,2025-10-06 15:05:47.139602,Amex,DEV0AYBYGRBJ5,160.49.194.119,USA,San Francisco,5311,completed
TXN5K71FF13VL1C,CUST64522299,Starbucks,253.37,USD,2025-10-06 03:05:47.139602,Visa,DEVFLCHONSU3H,190.228.93.147,USA,Chicago,5399,completed
TXNU3EFBYLDPGFX,CUST11688325,Shell,518.04,USD,2025-10-07 01:05:47.139602,Amex,DEVU359H7LVXZ,144.89.110.149,USA,San Francisco,5331,completed
TXN64VBTFNNMQPE,CUST04607606,Airbnb,344.03,USD,2025-10-05 16:05:47.139602,Visa,DEVPZQX4L1LQF,129.160.82.126,Singapore,Singapore,5331,completed
TXNTMC90I7M8KMK,CUST58004725,Expedia,4072.03,USD,2025-10-05 20:05:47.139602,Discover,DEVQR6CVTNVSP,174.60.68.128,USA,San Francisco,5812,completed
TXNK2FJN143M8Z6,CUST00323072,Amazon,773.0,USD,2025-10-03 03:05:47.139602,Visa,DEV3PH0477FKM,9.24.211.130,USA,San Francisco,5411,completed
TXN68NS7DFNNPNP,CUST78014829,Whole Foods,462.17,USD,2025-10-05 10:05:47.139602,Discover,DEV5PU3ZNF0ER,87.56.149.247,China,Hong Kong,5812,completed
TXNA81N7UT27Q7M,CUST30417225,Costco,477.26,USD,2025-10-03 18:05:47.139602,Visa,DEVT9KHOTZ8GH,78.151.141.176,USA,Miami,5411,completed
TXNX3BZQNXK71H9,CUST86788438,Netflix,509.31,USD,2025-10-07 12:05:47.139602,Amex,DEVEWZKAQSP6N,203.34.32.162,USA,New York,5812,completed
TXN3TJQIZDJBQX2,CUST47549445,Booking.com,790.1,USD,2025-10-05 07:05:47.139602,Amex,DEVRXQ21JG9DH,159.94.195.33,Singapore,Singapore,5912,completed
TXNX8BBVMZ0F4HD,CUST07692433,Airbnb,3201.07,USD,2025-10-05 08:05:47.139602,Discover,DEVXI8JSC1NMF,95.100.155.109,Japan,Tokyo,5399,completed
TXNZH1149GXFQSE,CUST43161702,Whole Foods,1393.52,USD,2025-10-05 09:05:47.139602,Discover,DEVG1VS063R6G,111.30.60.6,Singapore,Singapore,5999,completed
TXNKUXI47CHVD8L,CUST64635690,McDonald's,297.91,USD,2025-10-06 16:05:47.139602,Discover,DEV1RCR3X4BJL,53.96.91.63,Singapore,Singapore,5999,completed
TXNND9IPKZEDBKX,CUST67594634,Chevron,2654.58,USD,2025-10-05 09:05:47.139602,Mastercard,DEV3WX8GTYC2U,122.239.182.90,China,Hong Kong,5999,completed
TXNZ3B0INBV3L0L,CUST89893951,Home Depot,506.18,USD,2025-10-08 08:05:47.139602,Visa,DEVZDIY91E5DU,69.40.80.250,Singapore,Singapore,5311,completed
TXNTJPYHJJBPI3N,CUST19303843,H&M,237.29,USD,2025-10-04 08:05:47.139602,Visa,DEV3A4898RHIY,1.223.252.167,Canada,Toronto,5812,completed
TXNZFKI6J89P62J,CUST32540165,Shell,6863.61,USD,2025-10-03 10:05:47.139602,Visa,DEVXAMBQRTZV8,16.213.194.38,Japan,Tokyo,5411,completed
TXNZ08KY6D70WXZ,CUST04607606,Home Depot,10363.14,USD,2025-10-04 20:05:47.139602,Mastercard,DEVHUDF8YQ60K,236.28.157.120,Australia,Sydney,5814,completed
TXNL00BSD99HAFO,CUST16187875,Target,4397.3,USD,2025-10-07 01:05:47.139602,Discover,DEVU7U2XJEVKY,174.12.148.125,UK,London,5311,completed
TXN9DJ9YNKUS8IQ,CUST11820475,Zara,2918.03,USD,2025-10-04 06:05:47.139602,Amex,DEVD6UBBW8YTH,107.111.153.90,USA,Chicago,5411,completed
TXNK88ZDAVIHJ9Y,CUST11820475,Trader Joe's,300.32,USD,2025-10-06 13:05:47.139602,Discover,DEVD6UBBW8YTH,196.205.93.151,USA,Chicago,5311,completed
TXNUQKHS34GGGSP,CUST37266470,United Airlines,45.3,USD,2025-10-08 19:05:47.139602,Visa,DEV0AYBYGRBJ5,250.132.48.132,USA,San Francisco,5311,completed
TXNETEYRI198IMH,CUST35169723,Lyft,945.82,USD,2025-10-03 02:05:47.139602,Mastercard,DEVUTU266UVE2,81.42.128.66,Canada,Toronto,5999,completed
TXNHX6JXKIGNKPH,CUST04662881,Uber,148.15,USD,2025-10-03 17:05:47.139602,Amex,DEVPEHCMJU7Z9,60.184.178.75,France,Paris,5399,completed
TXNWF6HBYDV70NC,CUST04607606,Best Buy,1380.61,USD,2025-10-07 01:05:47.139602,Amex,DEVHUDF8YQ60K,120.66.59.175,Australia,Sydney,5999,completed
TXNAUQV44REGOZD,CUST22521914,Microsoft Store,856.03,USD,2025-10-03 00:05:47.139602,Mastercard,DEVYU4PMT2KBM,254.157.192.34,China,Hong Kong,5331,completed
TXNLIO3UP6G92F9,CUST22875172,Starbucks,43.06,USD,2025-10-04 10:05:47.139602,Mastercard,DEVOEV69JC3K8,63.52.5.230,UAE,Dubai,5812,completed
TXNTTJV4M560IOR,CUST43486512,United Airlines,951.58,USD,2025-10-03 18:05:47.139602,Discover,DEVGEU22ZR8PG,18.20.84.212,Japan,Tokyo,5812,completed
TXNRC42MLKMAHZR,CUST49956836,Delta Airlines,14751.47,USD,2025-10-07 04:05:47.139602,Visa,DEVJZLJYQTEUG,90.12.16.153,UK,London,5411,completed
TXNLHMX957IBM3J,CUST80390359,Lyft,1772.49,USD,2025-10-03 07:05:47.139602,Visa,DEVW8K496Q3C5,58.151.254.146,Australia,Sydney,5311,completed
TXNTX38O2K5XBAC,CUST35564214,Nike,553.93,USD,2025-10-07 20:05:47.139602,Discover,DEVPY1AD4UXBL,155.237.156.44,USA,Houston,5999,completed
TXNOYFYPIOX8UH7,CUST46495407,Best Buy,681.85,USD,2025-10-04 16:05:47.139602,Discover,DEVC9W96OPXTB,192.200.145.145,Australia,Sydney,5912,completed
TXNFTOYFT3BHWDX,CUST67594634,H&M,7653.63,USD,2025-10-03 20:05:47.139602,Mastercard,DEVEVEP2L3RWO,18.44.228.236,Australia,Sydney,5311,completed
TXN1IG63PR7J8GB,CUST86871773,Walmart,61.27,USD,2025-10-03 10:05:47.139602,Amex,DEVXU9FMQQPK6,102.227.107.18,UAE,Dubai,5411,completed
TXNG1G40F15IGIS,CUST69368369,Adidas,336.85,USD,2025-10-03 02:05:47.139602,Visa,DEV9HFK85U1FP,25.169.60.165,USA,Houston,5999,completed
TXNHP1SSSHAD0WN,CUST73433144,Chevron,2075.18,USD,2025-10-14 09:05:47.139602,Visa,DEVOEPPATJHOS,195.56.149.174,USA,New York,5399,completed
TXN88EE67VAV0FQ,CUST37266470,Best Buy,904.02,USD,2025-10-12 18:05:47.139602,Mastercard,DEVQXZ6FSKPTP,172.126.90.188,USA,San Francisco,5411,completed
TXN11LPKGPPC2Y8,CUST19303843,H&M,12550.84,USD,2025-10-05 07:05:47.139602,Mastercard,DEV3A4898RHIY,113.125.107.171,Canada,Toronto,5814,completed
TXNG6RVK7TOL8XH,CUST95268388,Lyft,5209.04,USD,2025-10-08 17:05:47.139602,Discover,DEV2P0X62BK3X,139.37.189.146,USA,Miami,5814,completed
TXNKUMI25U6MWAT,CUST53413186,Airbnb,2115.06,USD,2025-10-04 01:05:47.139602,Mastercard,DEVOFYBIEUAZG,206.208.240.132,Singapore,Singapore,5399,completed
TXNZAO62HHE01LK,CUST25897796,Adidas,4057.62,USD,2025-10-04 16:05:47.139602,Amex,DEV2JUPJXD3NH,186.71.142.4,USA,Los Angeles,5399,completed
TXN0A9M6R1SGQVW,CUST67331188,Airbnb,992.35,USD,2025-10-04 12:05:47.139602,Amex,DEV6GL3OSSHS3,28.93.56.39,Singapore,Singapore,5912,completed
TXNODO5CTEMAQWZ,CUST64435918,Delta Airlines,435.3,USD,2025-10-04 05:05:47.139602,Visa,DEVLI6YCR40J8,6.158.39.21,USA,Miami,5331,completed
TXNME51OZGGWZH0,CUST78014829,Walmart,962.94,USD,2025-10-04 17:05:47.139602,Mastercard,DEV8QPE5US9F7,129.2.59.10,France,Paris,5411,completed
TXNM2KM3KLPK34S,CUST11820475,Amazon,287.72,USD,2025-10-04 19:05:47.139602,Discover,DEVD6UBBW8YTH,230.56.98.251,USA,Chicago,5311,completed
TXN2ONEICAHZTY1,CUST14272031,McDonald's,671.59,USD,2025-10-05 11:05:47.139602,Discover,DEVK317TY8OJH,125.204.41.87,UK,London,5912,completed
TXNUQHM6BSAKOXU,CUST58635394,Delta Airlines,85.54,USD,2025-10-03 07:05:47.139602,Mastercard,DEV266BH6HZLV,89.81.123.146,USA,San Francisco,5812,completed
TXN7VGKU2EIDM3C,CUST89792856,McDonald's,685.76,USD,2025-10-14 11:05:47.139602,Discover,DEV5Y2K20V7FG,191.117.38.10,UK,London,5331,completed
TXNR86OTQ05UN2W,CUST69368369,Spotify,734.96,USD,2025-10-04 02:05:47.139602,Discover,DEVS89GE7I0LO,11.142.214.251,USA,Houston,5912,completed
TXN60DOFKYMDDKE,CUST04528070,Airbnb,185.36,USD,2025-10-03 01:05:47.139602,Visa,DEV54HZDH7CZP,223.64.73.191,USA,Miami,5331,completed
TXNFBQV23EUSXK5,CUST23901855,Netflix,622.47,USD,2025-10-03 07:05:47.139602,Mastercard,DEV6FJCZMM66R,227.31.16.7,USA,Los Angeles,5311,completed
TXNYS252M3YOPLZ,CUST89893951,Airbnb,817.38,USD,2025-10-07 00:05:47.139602,Amex,DEVXVMUQ8V0PK,164.245.13.229,UAE,Dubai,5999,completed
TXNXTA3ITFEEMYH,CUST32540165,Airbnb,892.35,USD,2025-10-10 04:05:47.139602,Visa,DEV71QLCJTR5L,68.78.118.156,Japan,Tokyo,5311,completed
TXNW8UH2ITD2O64,CUST66299345,Airbnb,3661.44,USD,2025-10-12 08:05:47.139602,Mastercard,DEVIKMGPC7XE0,105.122.99.92,France,Paris,5399,completed
TXNZ224BC6WKZUQ,CUST11820475,Whole Foods,206.51,USD,2025-10-03 00:05:47.139602,Amex,DEVD6UBBW8YTH,202.32.168.146,USA,Chicago,5912,completed
TXNS0VYVLYWAFJD,CUST20884524,Costco,6061.4,USD,2025-10-07 08:05:47.139602,Mastercard,DEVZLSQFLN3V2,96.105.195.29,USA,Miami,5331,completed
TXNSDTMP70MUWY1,CUST38558855,Expedia,927.12,USD,2025-10-03 10:05:47.139602,Visa,DEVP31TE7622T,202.163.229.73,USA,Miami,5331,completed
TXNS9Z14XDD8H2E,CUST47549445,Amazon,595.84,USD,2025-10-04 05:05:47.139602,Visa,DEVRXQ21JG9DH,95.252.184.88,Singapore,Singapore,5411,completed
TXN3WM1DNFUM6BB,CUST42259870,Home Depot,81.95,USD,2025-10-05 14:05:47.139602,Visa,DEV7CN1K5XKQ4,242.78.138.116,USA,Miami,5999,completed
TXNVOIJWPK8732B,CUST70198249,Booking.com,115.53,USD,2025-10-03 07:05:47.139602,Discover,DEV9X25HJX4D1,137.92.99.166,France,Paris,5311,completed
TXN5AUJ04OV8KMY,CUST42259870,H&M,1534.43,USD,2025-10-02 21:05:47.139602,Mastercard,DEV7CN1K5XKQ4,241.90.156.50,USA,Miami,5399,completed
TXNCN438RHPB5KF,CUST22521914,Costco,557.53,USD,2025-10-03 01:05:47.139602,Mastercard,DEVYU4PMT2KBM,142.145.213.157,China,Hong Kong,5411,completed
TXNKD10MU6VA3YA,CUST83839686,Netflix,897.17,USD,2025-10-03 00:05:47.139602,Amex,DEVN7VBZXVT4M,152.58.248.96,Japan,Tokyo,5399,completed
TXNPXQ320D0EF59,CUST01474215,Expedia,12850.53,USD,2025-10-08 02:05:47.139602,Amex,DEV8Q9Z5LZA67,101.82.28.27,USA,Miami,5411,completed
TXNBFQ8TZ4Z6HR8,CUST75054255,Best Buy,289.53,USD,2025-10-04 06:05:47.139602,Discover,DEVYMELCO3NIH,16.95.186.117,China,Hong Kong,5331,completed
TXNGUE4WXEYGBWI,CUST66299345,Spotify,467.44,USD,2025-10-05 00:05:47.139602,Discover,DEVIKMGPC7XE0,117.238.229.103,France,Paris,5411,completed
TXN8JYW0S7GVYTQ,CUST22700028,Apple Store,1537.15,USD,2025-10-03 23:05:47.139602,Mastercard,DEV61RV54SCHB,23.241.242.111,UAE,Dubai,5411,completed
TXNUSL32EY1IVA1,CUST35564214,Delta Airlines,6451.04,USD,2025-10-02 23:05:47.139602,Mastercard,DEVPY1AD4UXBL,129.33.162.153,USA,Houston,5812,completed
TXNYHC3JSLXKOFI,CUST99580391,Netflix,667.52,USD,2025-10-02 22:05:47.139602,Visa,DEV08VJP1CCCE,172.123.55.78,USA,New York,5814,completed
TXNCNGOPMJ9TNEN,CUST19303843,Expedia,761.05,USD,2025-10-03 13:05:47.139602,Mastercard,DEV3A4898RHIY,14.120.71.62,Canada,Toronto,5812,completed
TXNSZ7R8CRHBE48,CUST46495407,Starbucks,634.73,USD,2025-10-05 14:05:47.139602,Mastercard,DEVC9W96OPXTB,96.148.18.40,USA,Los Angeles,5814,completed
TXNJCP5A9XY9BIF,CUST67331188,H&M,942.76,USD,2025-10-05 10:05:47.139602,Visa,DEV6GL3OSSHS3,177.58.54.55,Germany,Berlin,5812,completed
TXNCEUJV517M1AW,CUST04528070,Booking.com,4952.7,USD,2025-10-05 19:05:47.139602,Amex,DEV54HZDH7CZP,7.43.240.188,USA,Miami,5912,completed
TXNW6V4GRVZP1D3,CUST13023076,Chevron,586.76,USD,2025-10-04 08:05:47.139602,Amex,DEVBKLIDD3P10,12.185.107.84,Japan,Tokyo,5814,completed
TXNOEWBPVPMCE4X,CUST84648227,Target,256.99,USD,2025-10-03 14:05:47.139602,Discover,DEVCLJ8K48NEW,3.78.173.196,USA,Houston,5812,completed
TXNM1KQT1XTTE9N,CUST35564214,Delta Airlines,147.87,USD,2025-10-09 09:05:47.139602,Amex,DEVPY1AD4UXBL,61.96.152.170,USA,Houston,5912,completed
TXNIJ4JRRA1810P,CUST11688325,Best Buy,10653.55,USD,2025-10-07 20:05:47.139602,Visa,DEVU359H7LVXZ,135.124.174.31,USA,Los Angeles,5814,completed
TXN83CPDZN9SJDA,CUST35144850,Lyft,76.21,USD,2025-10-07 14:05:47.139602,Amex,DEVL3MFBYVFO4,67.9.81.167,USA,Houston,5399,completed
TXNFJDNEMT5DRD1,CUST84648227,Costco,908.3,USD,2025-10-05 17:05:47.139602,Discover,DEVCLJ8K48NEW,100.67.17.142,USA,Houston,5812,completed
TXNHLPNQZQL0P8T,CUST01322833,Expedia,4148.19,USD,2025-10-03 00:05:47.139602,Visa,DEV6RRCQSRB07,160.175.24.150,USA,Los Angeles,5812,completed
TXN1HMNMU0DIXH5,CUST09223852,Zara,628.05,USD,2025-10-05 08:05:47.139602,Discover,DEVDAGNUI7MW6,205.56.118.192,USA,New York,5814,completed
TXN2GUTHX33X2Y2,CUST67331188,Lyft,2626.43,USD,2025-10-04 17:05:47.139602,Visa,DEV6GL3OSSHS3,37.132.215.91,UK,London,5999,completed
TXND47PPSOMWH1Y,CUST04607606,Shell,462.98,USD,2025-10-05 13:05:47.139602,Visa,DEVHUDF8YQ60K,218.201.67.9,Australia,Sydney,5999,completed
TXNJJXL2YLR0KMO,CUST47549445,Expedia,223.76,USD,2025-10-06 19:05:47.139602,Amex,DEVRXQ21JG9DH,73.8.253.131,Singapore,Singapore,5912,completed
TXN4PXNLX8DDCKH,CUST35564214,Home Depot,821.08,USD,2025-10-03 18:05:47.139602,Visa,DEVPY1AD4UXBL,201.225.88.245,USA,Houston,5311,completed
TXNDFH5RVEKZBOS,CUST95831505,Whole Foods,759.57,USD,2025-10-03 01:05:47.139602,Discover,DEVZ70RCTUIFO,204.246.220.183,USA,Los Angeles,5814,completed
TXNB9675V1VDIVH,CUST14272031,Spotify,761.25,USD,2025-10-03 19:05:47.139602,Discover,DEVK317TY8OJH,202.137.248.8,UK,London,5812,completed
TXNX8L3DWAE5AVI,CUST01569216,Shell,4465.36,USD,2025-10-05 17:05:47.139602,Discover,DEVMUPNXFXUFA,184.231.223.98,Australia,Sydney,5399,completed
TXNKX0X0BGHHY0S,CUST38558855,Expedia,334.99,USD,2025-10-03 03:05:47.139602,Amex,DEVP31TE7622T,223.80.24.190,USA,Miami,5912,completed
TXNJ1LE99ST9UD8,CUST95831505,Airbnb,538.28,USD,2025-10-05 18:05:47.139602,Discover,DEV63QIU6CHO0,54.129.152.222,USA,Los Angeles,5311,completed
TXNC0XYSV7HS95W,CUST95751826,Microsoft Store,4594.58,USD,2025-10-04 20:05:47.139602,Discover,DEVNYU6X7HMGZ,229.241.127.5,Canada,Toronto,5999,completed
TXN36TCQYGDNTB9,CUST22521914,Trader Joe's,953.5,USD,2025-10-09 04:05:47.139602,Amex,DEVYU4PMT2KBM,154.101.136.99,USA,San Francisco,5411,completed
TXNAEHY89PANHYA,CUST37469685,Adidas,21.41,USD,2025-10-04 21:05:47.139602,Discover,DEVSU4C73SI01,234.192.85.36,Australia,Sydney,5331,completed
TXNHKAFENVHIXIU,CUST22028108,Trader Joe's,2230.27,USD,2025-10-06 23:05:47.139602,Mastercard,DEV8E7XYZFO9Z,60.80.245.168,Singapore,Singapore,5814,completed
TXN88P3XKL7K88Q,CUST71992258,Netflix,1010.02,USD,2025-10-04 23:05:47.139602,Discover,DEV506NJFR6LE,216.76.229.75,UK,London,5814,completed
TXNIJJUCN1MPN0R,CUST84648227,Adidas,202.31,USD,2025-10-07 04:05:47.139602,Mastercard,DEVCLJ8K48NEW,143.95.209.221,Australia,Sydney,5812,completed
TXN1FQZNZ16Z51P,CUST00323072,Uber,14845.62,USD,2025-10-05 10:05:47.139602,Visa,DEV3PH0477FKM,215.158.118.149,USA,San Francisco,5812,completed
TXNBBX0AB9X2RXX,CUST49956836,Adidas,200.99,USD,2025-10-03 11:05:47.139602,Mastercard,DEVJZLJYQTEUG,118.105.130.111,UK,London,5812,completed
TXNEOCVA2A3ZXOG,CUST73433144,Amazon,8526.05,USD,2025-10-04 17:05:47.139602,Visa,DEVW8XYL8GADM,31.109.244.87,USA,New York,5912,completed
TXNTFPF7DAFP70K,CUST55443305,Adidas,8846.71,USD,2025-10-03 13:05:47.139602,Amex,DEVCC88XBKF2I,196.245.109.179,Germany,Berlin,5999,completed
TXN8ANAIB5D3ADG,CUST37266470,Nike,3557.48,USD,2025-10-05 02:05:47.139602,Discover,DEVZU7F90XF8I,183.190.53.144,USA,San Francisco,5311,completed
TXN05UI0HQBLIJQ,CUST64635690,Shell,500.25,USD,2025-10-03 12:05:47.139602,Visa,DEV1RCR3X4BJL,235.126.93.75,Singapore,Singapore,5331,completed
TXN6192537FR3CB,CUST58769954,Uber,303.51,USD,2025-10-07 05:05:47.139602,Discover,DEV57EL0AT02U,155.85.157.96,France,Paris,5311,completed
TXNV524JVFN5G9K,CUST58769954,Costco,952.53,USD,2025-10-04 10:05:47.139602,Mastercard,DEV57EL0AT02U,250.6.173.118,France,Paris,5814,completed
TXNI6I4JSJA99UM,CUST50640012,Delta Airlines,281.33,USD,2025-10-07 18:05:47.139602,Visa,DEVLKY2Y6D1ZW,233.99.49.191,USA,New York,5399,completed
TXNSJ0GG1X1W6O2,CUST01322833,Delta Airlines,278.21,USD,2025-10-07 17:05:47.139602,Discover,DEV6RRCQSRB07,73.38.208.238,USA,Los Angeles,5399,completed
TXNDKYQ2II0FEOJ,CUST80390359,Amazon,206.38,USD,2025-10-03 19:05:47.139602,Visa,DEVW8K496Q3C5,109.207.141.233,USA,Miami,5411,completed
TXNY6YK16AEDUZJ,CUST31393342,Apple Store,932.46,USD,2025-10-07 21:05:47.139602,Discover,DEV1UP7KSL55L,104.124.39.169,USA,Chicago,5814,completed
TXNEX48MRWLUA1M,CUST11820475,Whole Foods,272.8,USD,2025-10-07 11:05:47.139602,Amex,DEVD6UBBW8YTH,201.213.39.40,USA,Chicago,5812,completed
TXNJRED2MNNTNM1,CUST11820475,Whole Foods,1213.65,USD,2025-10-07 10:05:47.139602,Mastercard,DEVD6UBBW8YTH,162.200.33.88,USA,Chicago,5912,completed
TXNT4S08L5IYJ0V,CUST95170136,Best Buy,4906.56,USD,2025-10-05 03:05:47.139602,Visa,DEVEXRK1G9I78,124.31.235.152,Canada,Toronto,5814,completed
TXN9YL1AKSE312R,CUST66299345,Shell,68.59,USD,2025-10-03 09:05:47.139602,Visa,DEVIKMGPC7XE0,49.70.74.214,France,Paris,5311,completed
TXN3YI1YLKJM02Q,CUST65759822,Chevron,5332.38,USD,2025-10-06 00:05:47.139602,Mastercard,DEV74B4LX2LDR,105.194.233.119,UAE,Dubai,5399,completed
TXN9KXX3MJVAIB3,CUST95170136,Netflix,3367.86,USD,2025-10-04 10:05:47.139602,Visa,DEVEXRK1G9I78,16.233.171.120,Germany,Berlin,5814,completed
TXNZC52TSBQE6RK,CUST47429316,Netflix,50.3,USD,2025-10-08 03:05:47.139602,Mastercard,DEVVVZUMR9KXT,10.70.109.51,USA,Los Angeles,5814,completed
TXNCJIO8GQ0LIJS,CUST79518018,Amazon,61.64,USD,2025-10-09 23:05:47.139602,Amex,DEVLEYTR73ZZ8,149.76.190.176,France,Paris,5411,completed
TXNH98BAQA8DSUC,CUST81875918,Expedia,565.4,USD,2025-10-02 21:05:47.139602,Amex,DEVDNEU58QAC6,172.7.37.232,USA,San Francisco,5999,completed
TXN55M7ILV213QO,CUST30417225,McDonald's,711.53,USD,2025-10-06 14:05:47.139602,Amex,DEVT9KHOTZ8GH,67.87.45.97,UAE,Dubai,5331,completed
TXNG9G54NY6HH2P,CUST65759822,Home Depot,376.56,USD,2025-10-04 04:05:47.139602,Discover,DEV74B4LX2LDR,71.224.50.32,USA,Chicago,5331,completed
TXNR5A4AN9NYD61,CUST65759822,Netflix,776.3,USD,2025-10-03 19:05:47.139602,Mastercard,DEV74B4LX2LDR,129.209.248.122,USA,Chicago,5399,completed
TXN1HXNL9MB45V0,CUST55611850,United Airlines,964.36,USD,2025-10-03 17:05:47.139602,Discover,DEV65905IHF2Z,208.150.213.245,Japan,Tokyo,5331,completed
TXNI6Q2133P8WYK,CUST50640012,Netflix,3308.91,USD,2025-10-03 15:05:47.139602,Discover,DEVLKY2Y6D1ZW,172.65.125.13,USA,New York,5399,completed
TXN4QXD2UZI09KY,CUST17946358,McDonald's,10128.46,USD,2025-10-04 03:05:47.139602,Visa,DEVD0ZS2YL4KA,168.80.232.64,Singapore,Singapore,5399,completed
TXN3O87MOFU089I,CUST69368369,Nike,965.81,USD,2025-10-07 20:05:47.139602,Mastercard,DEVS89GE7I0LO,177.105.66.215,USA,Houston,5812,completed
TXN6ZVWXKABW1AQ,CUST84648227,Apple Store,3665.15,USD,2025-10-04 13:05:47.139602,Visa,DEVCLJ8K48NEW,65.125.140.217,Australia,Sydney,5814,completed
TXNTXWUBAFQTUQ3,CUST16187875,Apple Store,891.2,USD,2025-10-03 15:05:47.139602,Amex,DEVU7U2XJEVKY,45.169.13.228,China,Hong Kong,5912,completed
TXNMDMVPT5TJEJS,CUST31200246,Netflix,3169.82,USD,2025-10-10 20:05:47.139602,Amex,DEV6SO3SIR0KJ,254.183.11.112,Australia,Sydney,5311,completed
TXNCDOP37FSYCRY,CUST95831505,Uber,220.63,USD,2025-10-11 19:05:47.139602,Mastercard,DEVV0XNMEUPYJ,67.207.172.150,USA,Los Angeles,5311,completed
TXNZ9P04ANKJVAU,CUST58635394,Walmart,316.47,USD,2025-10-06 10:05:47.139602,Visa,DEVSEY766YY30,179.116.14.33,USA,San Francisco,5411,completed
TXN6HZLI1Q9D27G,CUST84648227,Best Buy,684.01,USD,2025-10-06 01:05:47.139602,Mastercard,DEVCLJ8K48NEW,27.223.188.230,Australia,Sydney,5311,completed
TXNRZOTCLMSD3C9,CUST04607606,Home Depot,3460.38,USD,2025-10-04 05:05:47.139602,Mastercard,DEVHUDF8YQ60K,20.43.53.117,Australia,Sydney,5812,completed
TXNS2X7D6UZWJOJ,CUST64522299,Starbucks,11089.93,USD,2025-10-07 13:05:47.139602,Visa,DEVFLCHONSU3H,224.158.216.186,UK,London,5814,completed
TXN5TOYPUXMORYP,CUST37266470,Apple Store,4388.71,USD,2025-10-02 23:05:47.139602,Visa,DEVKYSVXSSMGE,237.249.42.11,USA,San Francisco,5812,completed
TXN3O1RM8H2LOYG,CUST67594634,United Airlines,534.63,USD,2025-10-04 10:05:47.139602,Mastercard,DEVPAE38SZTQM,95.9.160.97,Australia,Sydney,5812,completed
TXN1EHP9WFPGXGK,CUST81761933,Zara,407.35,USD,2025-10-02 22:05:47.139602,Amex,DEV0QEF3742NT,225.125.188.227,Australia,Sydney,5912,completed
TXNHMV1EN9D8TKA,CUST35564214,Delta Airlines,1317.86,USD,2025-10-02 22:05:47.139602,Discover,DEVPY1AD4UXBL,123.243.229.31,USA,Houston,5814,completed
TXNGCK6X6WOICZN,CUST22700028,Starbucks,587.29,USD,2025-10-04 16:05:47.139602,Visa,DEV61RV54SCHB,131.94.142.242,UAE,Dubai,5399,completed
TXN6T9EKM0PWF0O,CUST16187875,Apple Store,931.19,USD,2025-10-04 19:05:47.139602,Amex,DEVU7U2XJEVKY,67.230.48.235,Canada,Toronto,5411,completed
TXNPMK9Y4G39VX0,CUST24341894,Adidas,3384.1,USD,2025-10-02 21:05:47.139602,Discover,DEVJWU1RVRSOH,205.122.213.8,USA,Los Angeles,5331,completed
TXN3AWKXZK90O6Q,CUST25897796,Chevron,2095.26,USD,2025-10-10 11:05:47.139602,Amex,DEV2JUPJXD3NH,107.150.158.131,Japan,Tokyo,5331,completed
